timestamp,value
01-01-2016,1466
02-01-2016,1466
03-01-2016,1466
04-01-2016,1466
05-01-2016,1473
06-01-2016,1457
07-01-2016,1455
08-01-2016,1476
09-01-2016,1471.5
10-01-2016,1471.5
11-01-2016,1471.5
12-01-2016,1457
13-01-2016,1453
14-01-2016,1478
15-01-2016,1467.5
16-01-2016,1486.5
17-01-2016,1486.5
18-01-2016,1486.5
19-01-2016,1494
20-01-2016,1461.5
21-01-2016,1470
22-01-2016,1497.5
23-01-2016,1480
24-01-2016,1480
25-01-2016,1480
26-01-2016,1480.5
27-01-2016,1508
28-01-2016,1527
29-01-2016,1529.5
30-01-2016,1520
31-01-2016,1520
01-02-2016,1520
02-02-2016,1524.5
03-02-2016,1514
04-02-2016,1532
05-02-2016,1531
06-02-2016,1496
07-02-2016,1496
08-02-2016,1496
09-02-2016,1492
10-02-2016,1499
11-02-2016,1494
12-02-2016,1499
13-02-2016,1505.5
14-02-2016,1505.5
15-02-2016,1505.5
16-02-2016,1528.5
17-02-2016,1520
18-02-2016,1530
19-02-2016,1552
20-02-2016,1573
21-02-2016,1573
22-02-2016,1573
23-02-2016,1575.5
24-02-2016,1552
25-02-2016,1600
26-02-2016,1588.5
27-02-2016,1621.5
28-02-2016,1621.5
29-02-2016,1621.5
01-03-2016,1590.5
02-03-2016,1597
03-03-2016,1603.5
04-03-2016,1587.5
05-03-2016,1600
06-03-2016,1600
07-03-2016,1600
08-03-2016,1590
09-03-2016,1564
10-03-2016,1565
11-03-2016,1548.5
12-03-2016,1532.5
13-03-2016,1532.5
14-03-2016,1532.5
15-03-2016,1508
16-03-2016,1495
17-03-2016,1503.5
18-03-2016,1498
19-03-2016,1486
20-03-2016,1486
21-03-2016,1486
22-03-2016,1481
23-03-2016,1480
24-03-2016,1469.5
25-03-2016,1473
26-03-2016,1473
27-03-2016,1473
28-03-2016,1473
29-03-2016,1473
30-03-2016,1478
31-03-2016,1491.5
01-04-2016,1524
02-04-2016,1523
03-04-2016,1523
04-04-2016,1523
05-04-2016,1498
06-04-2016,1481
07-04-2016,1485
08-04-2016,1492
09-04-2016,1493.5
10-04-2016,1493.5
11-04-2016,1493.5
12-04-2016,1514
13-04-2016,1545.5
14-04-2016,1548.5
15-04-2016,1535
16-04-2016,1547
17-04-2016,1547
18-04-2016,1547
19-04-2016,1565.5
20-04-2016,1598
21-04-2016,1628
22-04-2016,1635
23-04-2016,1641
24-04-2016,1641
25-04-2016,1641
26-04-2016,1632
27-04-2016,1642.5
28-04-2016,1649
29-04-2016,1673
30-04-2016,1629
01-05-2016,1629
02-05-2016,1629
03-05-2016,1629
04-05-2016,1611
05-05-2016,1601.5
06-05-2016,1599
07-05-2016,1556.5
08-05-2016,1556.5
09-05-2016,1556.5
10-05-2016,1542.5
11-05-2016,1560
12-05-2016,1545
13-05-2016,1529
14-05-2016,1525.5
15-05-2016,1525.5
16-05-2016,1525.5
17-05-2016,1532
18-05-2016,1529.5
19-05-2016,1536
20-05-2016,1559
21-05-2016,1526
22-05-2016,1526
23-05-2016,1526
24-05-2016,1553
25-05-2016,1539
26-05-2016,1553
27-05-2016,1552
28-05-2016,1548
29-05-2016,1548
30-05-2016,1548
31-05-2016,1548
01-06-2016,1544
02-06-2016,1559
03-06-2016,1543
04-06-2016,1548
05-06-2016,1548
06-06-2016,1548
07-06-2016,1541
08-06-2016,1596
09-06-2016,1591.5
10-06-2016,1584
11-06-2016,1581.5
12-06-2016,1581.5
13-06-2016,1581.5
14-06-2016,1605
15-06-2016,1613.5
16-06-2016,1592.5
17-06-2016,1602.5
18-06-2016,1607.5
19-06-2016,1607.5
20-06-2016,1607.5
21-06-2016,1623.5
22-06-2016,1624
23-06-2016,1628
24-06-2016,1600.5
25-06-2016,1592
26-06-2016,1592
27-06-2016,1592
28-06-2016,1602.5
29-06-2016,1614
30-06-2016,1635
01-07-2016,1645
02-07-2016,1653
03-07-2016,1653
04-07-2016,1653
05-07-2016,1624
06-07-2016,1623.5
07-07-2016,1637
08-07-2016,1640.5
09-07-2016,1653
10-07-2016,1653
11-07-2016,1653
12-07-2016,1646
13-07-2016,1669.5
14-07-2016,1672
15-07-2016,1682
16-07-2016,1645
17-07-2016,1645
18-07-2016,1645
19-07-2016,1643
20-07-2016,1609
21-07-2016,1594.5
22-07-2016,1600
23-07-2016,1601
24-07-2016,1601
25-07-2016,1601
26-07-2016,1590.5
27-07-2016,1584
28-07-2016,1598
29-07-2016,1616
30-07-2016,1645.5
31-07-2016,1645.5
01-08-2016,1645.5
02-08-2016,1635.5
03-08-2016,1620
04-08-2016,1616
05-08-2016,1628
06-08-2016,1645
07-08-2016,1645
08-08-2016,1645
09-08-2016,1626
10-08-2016,1646
11-08-2016,1630
12-08-2016,1635
13-08-2016,1644.5
14-08-2016,1644.5
15-08-2016,1644.5
16-08-2016,1676
17-08-2016,1685.5
18-08-2016,1690.5
19-08-2016,1648.5
20-08-2016,1652
21-08-2016,1652
22-08-2016,1652
23-08-2016,1653
24-08-2016,1656.5
25-08-2016,1624
26-08-2016,1627.5
27-08-2016,1627.5
28-08-2016,1627.5
29-08-2016,1627.5
30-08-2016,1627.5
31-08-2016,1601
01-09-2016,1587
02-09-2016,1592
03-09-2016,1568.5
04-09-2016,1568.5
05-09-2016,1568.5
06-09-2016,1573.5
07-09-2016,1582.5
08-09-2016,1566
09-09-2016,1567.5
10-09-2016,1545.5
11-09-2016,1545.5
12-09-2016,1545.5
13-09-2016,1556.5
14-09-2016,1552.5
15-09-2016,1560
16-09-2016,1560
17-09-2016,1558.5
18-09-2016,1558.5
19-09-2016,1558.5
20-09-2016,1563
21-09-2016,1570
22-09-2016,1611.5
23-09-2016,1637.5
24-09-2016,1620
25-09-2016,1620
26-09-2016,1620
27-09-2016,1648
28-09-2016,1648.5
29-09-2016,1653
30-09-2016,1658.5
01-10-2016,1650
02-10-2016,1650
03-10-2016,1650
04-10-2016,1670.5
05-10-2016,1662.5
06-10-2016,1667.5
07-10-2016,1675
08-10-2016,1678
09-10-2016,1678
10-10-2016,1678
11-10-2016,1673
12-10-2016,1684
13-10-2016,1681
14-10-2016,1685
15-10-2016,1645
16-10-2016,1645
17-10-2016,1645
18-10-2016,1663.5
19-10-2016,1622
20-10-2016,1612.5
21-10-2016,1617
22-10-2016,1626.5
23-10-2016,1626.5
24-10-2016,1626.5
25-10-2016,1651
26-10-2016,1673
27-10-2016,1681.5
28-10-2016,1701.5
29-10-2016,1723
30-10-2016,1723
31-10-2016,1723
01-11-2016,1732
02-11-2016,1709
03-11-2016,1726
04-11-2016,1718.5
05-11-2016,1716
06-11-2016,1716
07-11-2016,1716
08-11-2016,1706
09-11-2016,1737.5
10-11-2016,1772.5
11-11-2016,1777
12-11-2016,1765
13-11-2016,1765
14-11-2016,1765
15-11-2016,1727
16-11-2016,1719
17-11-2016,1692.5
18-11-2016,1712
19-11-2016,1726
20-11-2016,1726
21-11-2016,1726
22-11-2016,1739
23-11-2016,1765.5
24-11-2016,1774
25-11-2016,1751
26-11-2016,1766.5
27-11-2016,1766.5
28-11-2016,1766.5
29-11-2016,1722
30-11-2016,1722.5
01-12-2016,1724
02-12-2016,1715
03-12-2016,1728
04-12-2016,1728
05-12-2016,1728
06-12-2016,1718
07-12-2016,1728
08-12-2016,1731.5
09-12-2016,1742.5
10-12-2016,1749.5
11-12-2016,1749.5
12-12-2016,1749.5
13-12-2016,1755
14-12-2016,1752
15-12-2016,1736
16-12-2016,1732.5
17-12-2016,1717
18-12-2016,1717
19-12-2016,1717
20-12-2016,1722.5
21-12-2016,1730.5
22-12-2016,1737.5
23-12-2016,1740
24-12-2016,1726.5
25-12-2016,1726.5
26-12-2016,1726.5
27-12-2016,1726.5
28-12-2016,1726.5
29-12-2016,1713
30-12-2016,1713.5
31-12-2016,1702
01-01-2017,1702
02-01-2017,1702
03-01-2017,1702
04-01-2017,1701
05-01-2017,1709.5
06-01-2017,1722
07-01-2017,1717
08-01-2017,1717
09-01-2017,1717
10-01-2017,1757.5
11-01-2017,1748.5
12-01-2017,1788
13-01-2017,1790.5
14-01-2017,1812
15-01-2017,1812
16-01-2017,1812
17-01-2017,1805.5
18-01-2017,1800.5
19-01-2017,1832
20-01-2017,1839
21-01-2017,1870
22-01-2017,1870
23-01-2017,1870
24-01-2017,1870
25-01-2017,1849
26-01-2017,1837.5
27-01-2017,1827.5
28-01-2017,1807
29-01-2017,1807
30-01-2017,1807
31-01-2017,1820.5
01-02-2017,1818
02-02-2017,1813
03-02-2017,1808.5
04-02-2017,1812
05-02-2017,1812
06-02-2017,1812
07-02-2017,1809
08-02-2017,1821
09-02-2017,1839
10-02-2017,1849
11-02-2017,1867.5
12-02-2017,1867.5
13-02-2017,1867.5
14-02-2017,1893
15-02-2017,1871
16-02-2017,1878
17-02-2017,1865.5
18-02-2017,1878
19-02-2017,1878
20-02-2017,1878
21-02-2017,1878
22-02-2017,1873
23-02-2017,1882.5
24-02-2017,1877
25-02-2017,1908
26-02-2017,1908
27-02-2017,1908
28-02-2017,1895
01-03-2017,1934
02-03-2017,1929
03-03-2017,1909
04-03-2017,1868
05-03-2017,1868
06-03-2017,1868
07-03-2017,1858
08-03-2017,1881
09-03-2017,1847
10-03-2017,1884.5
11-03-2017,1882
12-03-2017,1882
13-03-2017,1882
14-03-2017,1851
15-03-2017,1863
16-03-2017,1895
17-03-2017,1901
18-03-2017,1908
19-03-2017,1908
20-03-2017,1908
21-03-2017,1918
22-03-2017,1910
23-03-2017,1913
24-03-2017,1917.5
25-03-2017,1916
26-03-2017,1916
27-03-2017,1916
28-03-2017,1918.5
29-03-2017,1931
30-03-2017,1955
31-03-2017,1946.5
01-04-2017,1948.5
02-04-2017,1948.5
03-04-2017,1948.5
04-04-2017,1938
05-04-2017,1962
06-04-2017,1956
07-04-2017,1929.5
08-04-2017,1929
09-04-2017,1929
10-04-2017,1929
11-04-2017,1907.5
12-04-2017,1907
13-04-2017,1890
14-04-2017,1915.5
15-04-2017,1915.5
16-04-2017,1915.5
17-04-2017,1915.5
18-04-2017,1915.5
19-04-2017,1895.5
20-04-2017,1933
21-04-2017,1932.5
22-04-2017,1928
23-04-2017,1928
24-04-2017,1928
25-04-2017,1943
26-04-2017,1957.5
27-04-2017,1954.5
28-04-2017,1930
29-04-2017,1909
30-04-2017,1909
01-05-2017,1909
02-05-2017,1909
03-05-2017,1916
04-05-2017,1909.5
05-05-2017,1907
06-05-2017,1879
07-05-2017,1879
08-05-2017,1879
09-05-2017,1874
10-05-2017,1870
11-05-2017,1887
12-05-2017,1880
13-05-2017,1899.5
14-05-2017,1899.5
15-05-2017,1899.5
16-05-2017,1915
17-05-2017,1928
18-05-2017,1905
19-05-2017,1938
20-05-2017,1943
21-05-2017,1943
22-05-2017,1943
23-05-2017,1926
24-05-2017,1944
25-05-2017,1954
26-05-2017,1950
27-05-2017,1943.5
28-05-2017,1943.5
29-05-2017,1943.5
30-05-2017,1943.5
31-05-2017,1919.5
01-06-2017,1930
02-06-2017,1916.5
03-06-2017,1917.5
04-06-2017,1917.5
05-06-2017,1917.5
06-06-2017,1893
07-06-2017,1903.5
08-06-2017,1902.5
09-06-2017,1901.5
10-06-2017,1888
11-06-2017,1888
12-06-2017,1888
13-06-2017,1877
14-06-2017,1886.5
15-06-2017,1864
16-06-2017,1861
17-06-2017,1861.5
18-06-2017,1861.5
19-06-2017,1861.5
20-06-2017,1889
21-06-2017,1865.5
22-06-2017,1872
23-06-2017,1868
24-06-2017,1855
25-06-2017,1855
26-06-2017,1855
27-06-2017,1861.5
28-06-2017,1886
29-06-2017,1897.5
30-06-2017,1908.5
01-07-2017,1917.5
02-07-2017,1917.5
03-07-2017,1917.5
04-07-2017,1903.5
05-07-2017,1913
06-07-2017,1925.5
07-07-2017,1920
08-07-2017,1914
09-07-2017,1914
10-07-2017,1914
11-07-2017,1879
12-07-2017,1877
13-07-2017,1911
14-07-2017,1904
15-07-2017,1901
16-07-2017,1901
17-07-2017,1901
18-07-2017,1887
19-07-2017,1907
20-07-2017,1898
21-07-2017,1901
22-07-2017,1890
23-07-2017,1890
24-07-2017,1890
25-07-2017,1896.5
26-07-2017,1912
27-07-2017,1923
28-07-2017,1892
29-07-2017,1904
30-07-2017,1904
31-07-2017,1904
01-08-2017,1887
02-08-2017,1904
03-08-2017,1891.5
04-08-2017,1890
05-08-2017,1920
06-08-2017,1920
07-08-2017,1920
08-08-2017,1981
09-08-2017,2018
10-08-2017,2024
11-08-2017,2040.5
12-08-2017,2030
13-08-2017,2030
14-08-2017,2030
15-08-2017,2056
16-08-2017,2075
17-08-2017,2095.5
18-08-2017,2104.5
19-08-2017,2084.5
20-08-2017,2084.5
21-08-2017,2084.5
22-08-2017,2104.5
23-08-2017,2082.5
24-08-2017,2105
25-08-2017,2096.5
26-08-2017,2092
27-08-2017,2092
28-08-2017,2092
29-08-2017,2092
30-08-2017,2066.5
31-08-2017,2113.5
01-09-2017,2113.5
02-09-2017,2095.5
03-09-2017,2095.5
04-09-2017,2095.5
05-09-2017,2082
06-09-2017,2069.5
07-09-2017,2075
08-09-2017,2072
09-09-2017,2100.5
10-09-2017,2100.5
11-09-2017,2100.5
12-09-2017,2083
13-09-2017,2083
14-09-2017,2065
15-09-2017,2068
16-09-2017,2066.5
17-09-2017,2066.5
18-09-2017,2066.5
19-09-2017,2107.5
20-09-2017,2164
21-09-2017,2154
22-09-2017,2137
23-09-2017,2128
24-09-2017,2128
25-09-2017,2128
26-09-2017,2116
27-09-2017,2117
28-09-2017,2102.5
29-09-2017,2110.5
30-09-2017,2067
01-10-2017,2067
02-10-2017,2067
03-10-2017,2114.5
04-10-2017,2139.5
05-10-2017,2124
06-10-2017,2121.5
07-10-2017,2135
08-10-2017,2135
09-10-2017,2135
10-10-2017,2133
11-10-2017,2124
12-10-2017,2117.5
13-10-2017,2140
14-10-2017,2144
15-10-2017,2144
16-10-2017,2144
17-10-2017,2111
18-10-2017,2106.5
19-10-2017,2128.5
20-10-2017,2159
21-10-2017,2133.5
22-10-2017,2133.5
23-10-2017,2133.5
24-10-2017,2144
25-10-2017,2149.5
26-10-2017,2175
27-10-2017,2119
28-10-2017,2143
29-10-2017,2143
30-10-2017,2143
31-10-2017,2140
01-11-2017,2188
02-11-2017,2152
03-11-2017,2165
04-11-2017,2152
05-11-2017,2152
06-11-2017,2152
07-11-2017,2131
08-11-2017,2103.5
09-11-2017,2078
10-11-2017,2090
11-11-2017,2100
12-11-2017,2100
13-11-2017,2100
14-11-2017,2085
15-11-2017,2082
16-11-2017,2106
17-11-2017,2077
18-11-2017,2067.5
19-11-2017,2067.5
20-11-2017,2067.5
21-11-2017,2062
22-11-2017,2085
23-11-2017,2090
24-11-2017,2104
25-11-2017,2109.5
26-11-2017,2109.5
27-11-2017,2109.5
28-11-2017,2100
29-11-2017,2062
30-11-2017,2033
01-12-2017,2046.5
02-12-2017,2052.5
03-12-2017,2052.5
04-12-2017,2052.5
05-12-2017,2052
06-12-2017,2028.5
07-12-2017,1994
08-12-2017,1992
09-12-2017,1991.5
10-12-2017,1991.5
11-12-2017,1991.5
12-12-2017,2004
13-12-2017,1997
14-12-2017,2017
15-12-2017,2036
16-12-2017,2047.5
17-12-2017,2047.5
18-12-2017,2047.5
19-12-2017,2061
20-12-2017,2092
21-12-2017,2108.5
22-12-2017,2137
23-12-2017,2199.5
24-12-2017,2199.5
25-12-2017,2199.5
26-12-2017,2199.5
27-12-2017,2199.5
28-12-2017,2246
29-12-2017,2241.5
30-12-2017,2256
31-12-2017,2256
01-01-2018,2256
02-01-2018,2256
03-01-2018,2241
04-01-2018,2230
05-01-2018,2205.5
06-01-2018,2177.5
07-01-2018,2177.5
08-01-2018,2177.5
09-01-2018,2143.5
10-01-2018,2159
11-01-2018,2179
12-01-2018,2215
13-01-2018,2227.5
14-01-2018,2227.5
15-01-2018,2227.5
16-01-2018,2172
17-01-2018,2187
18-01-2018,2225
19-01-2018,2256
20-01-2018,2235
21-01-2018,2235
22-01-2018,2235
23-01-2018,2213.5
24-01-2018,2216
25-01-2018,2237.5
26-01-2018,2238
27-01-2018,2251.5
28-01-2018,2251.5
29-01-2018,2251.5
30-01-2018,2229
31-01-2018,2224.5
01-02-2018,2218
02-02-2018,2228
03-02-2018,2202
04-02-2018,2202
05-02-2018,2202
06-02-2018,2196
07-02-2018,2181.5
08-02-2018,2168
09-02-2018,2142
10-02-2018,2129.5
11-02-2018,2129.5
12-02-2018,2129.5
13-02-2018,2123.5
14-02-2018,2138
15-02-2018,2164
16-02-2018,2189.5
17-02-2018,2266
18-02-2018,2266
19-02-2018,2266
20-02-2018,2239
21-02-2018,2190
22-02-2018,2194
23-02-2018,2210
24-02-2018,2188.5
25-02-2018,2188.5
26-02-2018,2188.5
27-02-2018,2172.5
28-02-2018,2158.5
01-03-2018,2143
02-03-2018,2144
03-03-2018,2135
04-03-2018,2135
05-03-2018,2135
06-03-2018,2136
07-03-2018,2112.5
08-03-2018,2082.5
09-03-2018,2078.5
10-03-2018,2097
11-03-2018,2097
12-03-2018,2097
13-03-2018,2080
14-03-2018,2096
15-03-2018,2062.5
16-03-2018,2069
17-03-2018,2070.5
18-03-2018,2070.5
19-03-2018,2070.5
20-03-2018,2073
21-03-2018,2056.5
22-03-2018,2059
23-03-2018,2049
24-03-2018,2022
25-03-2018,2022
26-03-2018,2022
27-03-2018,2035
28-03-2018,2009
29-03-2018,1997
30-03-2018,2010
31-03-2018,2010
01-04-2018,2010
02-04-2018,2010
03-04-2018,2010
04-04-2018,1972
05-04-2018,1969
06-04-2018,1967
07-04-2018,2113
08-04-2018,2113
09-04-2018,2113
10-04-2018,2171.5
11-04-2018,2253
12-04-2018,2220.5
13-04-2018,2325
14-04-2018,2358.5
15-04-2018,2358.5
16-04-2018,2358.5
17-04-2018,2375.5
18-04-2018,2528.5
19-04-2018,2602.5
20-04-2018,2463
21-04-2018,2452
22-04-2018,2452
23-04-2018,2452
24-04-2018,2222
25-04-2018,2248
26-04-2018,2204
27-04-2018,2249
28-04-2018,2224
29-04-2018,2224
30-04-2018,2224
01-05-2018,2258
02-05-2018,2269
03-05-2018,2349
04-05-2018,2316
05-05-2018,2384
06-05-2018,2384
07-05-2018,2384
08-05-2018,2384
09-05-2018,2295
10-05-2018,2327
11-05-2018,2273.5
12-05-2018,2285.5
13-05-2018,2285.5
14-05-2018,2285.5
15-05-2018,2313
16-05-2018,2319.5
17-05-2018,2280
18-05-2018,2297
19-05-2018,2278.5
20-05-2018,2278.5
21-05-2018,2278.5
22-05-2018,2265.5
23-05-2018,2227
24-05-2018,2271
25-05-2018,2282
26-05-2018,2260
27-05-2018,2260
28-05-2018,2260
29-05-2018,2260
30-05-2018,2265.5
31-05-2018,2285.5
01-06-2018,2271
02-06-2018,2324.5
03-06-2018,2324.5
04-06-2018,2324.5
05-06-2018,2314.5
06-06-2018,2317.5
07-06-2018,2331
08-06-2018,2287.5
09-06-2018,2300
10-06-2018,2300
11-06-2018,2300
12-06-2018,2309
13-06-2018,2278
14-06-2018,2277.5
15-06-2018,2239.5
16-06-2018,2220.5
17-06-2018,2220.5
18-06-2018,2220.5
19-06-2018,2179
20-06-2018,2179
21-06-2018,2167
22-06-2018,2166
23-06-2018,2172
24-06-2018,2172
25-06-2018,2172
26-06-2018,2152
27-06-2018,2204.5
28-06-2018,2173
29-06-2018,2183
30-06-2018,2153
01-07-2018,2153
02-07-2018,2153
03-07-2018,2165
04-07-2018,2120.5
05-07-2018,2127
06-07-2018,2098.5
07-07-2018,2135.5
08-07-2018,2135.5
09-07-2018,2135.5
10-07-2018,2140.5
11-07-2018,2120.5
12-07-2018,2104.5
13-07-2018,2102
14-07-2018,2130
15-07-2018,2130
16-07-2018,2130
17-07-2018,2110
18-07-2018,2040
19-07-2018,2062
20-07-2018,2075
21-07-2018,2130
22-07-2018,2130
23-07-2018,2130
24-07-2018,2082
25-07-2018,2056.5
26-07-2018,2054
27-07-2018,2055
28-07-2018,2054
29-07-2018,2054
30-07-2018,2054
31-07-2018,2061
01-08-2018,2036
02-08-2018,2023
03-08-2018,2016
04-08-2018,2000.5
05-08-2018,2000.5
06-08-2018,2000.5
07-08-2018,2026.5
08-08-2018,2022
09-08-2018,2118
10-08-2018,2039
11-08-2018,2052
12-08-2018,2052
13-08-2018,2052
14-08-2018,2038
15-08-2018,1994.5
16-08-2018,1998
17-08-2018,1999
18-08-2018,2033
19-08-2018,2033
20-08-2018,2033
21-08-2018,2040.5
22-08-2018,2038.5
23-08-2018,2021.5
24-08-2018,2062
25-08-2018,2088
26-08-2018,2088
27-08-2018,2088
28-08-2018,2088
29-08-2018,2116
30-08-2018,2127
31-08-2018,2112
01-09-2018,2083.5
02-09-2018,2083.5
03-09-2018,2083.5
04-09-2018,2040
05-09-2018,2046
06-09-2018,2030.5
07-09-2018,2030
08-09-2018,2000
09-09-2018,2000
10-09-2018,2000
11-09-2018,2035
12-09-2018,1981.5
13-09-2018,2014.5
14-09-2018,2015.5
15-09-2018,1985
16-09-2018,1985
17-09-2018,1985
18-09-2018,2012
19-09-2018,1981
20-09-2018,2018.5
21-09-2018,2034
22-09-2018,2035
23-09-2018,2035
24-09-2018,2035
25-09-2018,2020
26-09-2018,2056.5
27-09-2018,2030
28-09-2018,2011.5
29-09-2018,2047.5
30-09-2018,2047.5
01-10-2018,2047.5
02-10-2018,2080
03-10-2018,2166.5
04-10-2018,2243.5
05-10-2018,2140
06-10-2018,2073.5
07-10-2018,2073.5
08-10-2018,2073.5
09-10-2018,2031.5
10-10-2018,2029
11-10-2018,2024
12-10-2018,2045
13-10-2018,2028
14-10-2018,2028
15-10-2018,2028
16-10-2018,2022
17-10-2018,2018
18-10-2018,2007.5
19-10-2018,2022.5
20-10-2018,2002.5
21-10-2018,2002.5
22-10-2018,2002.5
23-10-2018,1997
24-10-2018,1987.5
25-10-2018,1981
26-10-2018,1961
27-10-2018,1980.5
28-10-2018,1980.5
29-10-2018,1980.5
30-10-2018,1952
31-10-2018,1946
01-11-2018,1961
02-11-2018,1967
03-11-2018,1959
04-11-2018,1959
05-11-2018,1959
06-11-2018,1950
07-11-2018,1951.5
08-11-2018,1977
09-11-2018,1964.5
10-11-2018,1934
11-11-2018,1934
12-11-2018,1934
13-11-2018,1925
14-11-2018,1931
15-11-2018,1917
16-11-2018,1914
17-11-2018,1918
18-11-2018,1918
19-11-2018,1918
20-11-2018,1927
21-11-2018,1945
22-11-2018,1941.5
23-11-2018,1922.5
24-11-2018,1920
25-11-2018,1920
26-11-2018,1920
27-11-2018,1925
28-11-2018,1912.5
29-11-2018,1933
30-11-2018,1935
01-12-2018,1982.5
02-12-2018,1982.5
03-12-2018,1982.5
04-12-2018,1985
05-12-2018,1966.5
06-12-2018,1945
07-12-2018,1962
08-12-2018,1951
09-12-2018,1951
10-12-2018,1951
11-12-2018,1949.5
12-12-2018,1928
13-12-2018,1924
14-12-2018,1908
15-12-2018,1937.5
16-12-2018,1937.5
17-12-2018,1937.5
18-12-2018,1940
19-12-2018,1928
20-12-2018,1923.5
21-12-2018,1920
22-12-2018,1898.5
23-12-2018,1898.5
24-12-2018,1898.5
25-12-2018,1898
26-12-2018,1898
27-12-2018,1898
28-12-2018,1881
29-12-2018,1869.5
30-12-2018,1869.5
31-12-2018,1869.5
01-01-2019,1858
02-01-2019,1858
03-01-2019,1825.5
04-01-2019,1879
05-01-2019,1858
06-01-2019,1858
07-01-2019,1858
08-01-2019,1837
09-01-2019,1842
10-01-2019,1844
11-01-2019,1816
12-01-2019,1775.5
13-01-2019,1775.5
14-01-2019,1775.5
15-01-2019,1810.5
16-01-2019,1839.5
17-01-2019,1804
18-01-2019,1851
19-01-2019,1842.5
20-01-2019,1842.5
21-01-2019,1842.5
22-01-2019,1867.5
23-01-2019,1877.5
24-01-2019,1851
25-01-2019,1866.5
26-01-2019,1860
27-01-2019,1860
28-01-2019,1860
29-01-2019,1853
30-01-2019,1871
31-01-2019,1880.5
01-02-2019,1872.5
02-02-2019,1840
03-02-2019,1840
04-02-2019,1840
05-02-2019,1896.5
06-02-2019,1886.5
07-02-2019,1862.5
08-02-2019,1865
09-02-2019,1848
10-02-2019,1848
11-02-2019,1848
12-02-2019,1840.5
13-02-2019,1840
14-02-2019,1829
15-02-2019,1828.5
16-02-2019,1822.5
17-02-2019,1822.5
18-02-2019,1822.5
19-02-2019,1833.5
20-02-2019,1829.5
21-02-2019,1858.5
22-02-2019,1890.5
23-02-2019,1886
24-02-2019,1886
25-02-2019,1886
26-02-2019,1870
27-02-2019,1898.5
28-02-2019,1893
01-03-2019,1890.5
02-03-2019,1859.5
03-03-2019,1859.5
04-03-2019,1859.5
05-03-2019,1868.5
06-03-2019,1846
07-03-2019,1841
08-03-2019,1848
09-03-2019,1830
10-03-2019,1830
11-03-2019,1830
12-03-2019,1851
13-03-2019,1873
14-03-2019,1873.5
15-03-2019,1868
16-03-2019,1879
17-03-2019,1879
18-03-2019,1879
19-03-2019,1907.5
20-03-2019,1923
21-03-2019,1891
22-03-2019,1867
23-03-2019,1856
24-03-2019,1856
25-03-2019,1856
26-03-2019,1849.5
27-03-2019,1898.5
28-03-2019,1896.5
29-03-2019,1900
30-03-2019,1888
31-03-2019,1888
01-04-2019,1888
02-04-2019,1858
03-04-2019,1865
04-04-2019,1872
05-04-2019,1864
06-04-2019,1858.5
07-04-2019,1858.5
08-04-2019,1858.5
09-04-2019,1851
10-04-2019,1852
11-04-2019,1847.5
12-04-2019,1843.5
13-04-2019,1843.5
14-04-2019,1843.5
15-04-2019,1843.5
16-04-2019,1839
17-04-2019,1840.5
18-04-2019,1839
19-04-2019,1855
20-04-2019,1855
21-04-2019,1855
22-04-2019,1855
23-04-2019,1855
24-04-2019,1854
25-04-2019,1852
26-04-2019,1832
27-04-2019,1816
28-04-2019,1816
29-04-2019,1816
30-04-2019,1809
01-05-2019,1775.5
02-05-2019,1800.5
03-05-2019,1783.5
04-05-2019,1767
05-05-2019,1767
06-05-2019,1767
07-05-2019,1767
08-05-2019,1761
09-05-2019,1766.5
10-05-2019,1765
11-05-2019,1765.5
12-05-2019,1765.5
13-05-2019,1765.5
14-05-2019,1792
15-05-2019,1802
16-05-2019,1832
17-05-2019,1805
18-05-2019,1786
19-05-2019,1786
20-05-2019,1786
21-05-2019,1766
22-05-2019,1747
23-05-2019,1740
24-05-2019,1761.5
25-05-2019,1773
26-05-2019,1773
27-05-2019,1773
28-05-2019,1773
29-05-2019,1770
30-05-2019,1762
31-05-2019,1761
01-06-2019,1763.5
02-06-2019,1763.5
03-06-2019,1763.5
04-06-2019,1751.5
05-06-2019,1766
06-06-2019,1742.5
07-06-2019,1733
08-06-2019,1720.5
09-06-2019,1720.5
10-06-2019,1720.5
11-06-2019,1754.5
12-06-2019,1753.5
13-06-2019,1756
14-06-2019,1737.5
15-06-2019,1719.5
16-06-2019,1719.5
17-06-2019,1719.5
18-06-2019,1733
19-06-2019,1746.5
20-06-2019,1778
21-06-2019,1743.5
22-06-2019,1747.5
23-06-2019,1747.5
24-06-2019,1747.5
25-06-2019,1776.5
26-06-2019,1803
27-06-2019,1782
28-06-2019,1773.5
29-06-2019,1778
30-06-2019,1778
01-07-2019,1778
02-07-2019,1755.5
03-07-2019,1754.5
04-07-2019,1771.5
05-07-2019,1779.5
06-07-2019,1783
07-07-2019,1783
08-07-2019,1783
09-07-2019,1783
10-07-2019,1811.5
11-07-2019,1807
12-07-2019,1799.5
13-07-2019,1810
14-07-2019,1810
15-07-2019,1810
16-07-2019,1818
17-07-2019,1819
18-07-2019,1827.5
19-07-2019,1833
20-07-2019,1808
21-07-2019,1808
22-07-2019,1808
23-07-2019,1795
24-07-2019,1795.5
25-07-2019,1795.5
26-07-2019,1778
27-07-2019,1774.5
28-07-2019,1774.5
29-07-2019,1774.5
30-07-2019,1781.5
31-07-2019,1776.5
01-08-2019,1757
02-08-2019,1749
03-08-2019,1739.5
04-08-2019,1739.5
05-08-2019,1739.5
06-08-2019,1740.5
07-08-2019,1728
08-08-2019,1737.5
09-08-2019,1746
10-08-2019,1743
11-08-2019,1743
12-08-2019,1743
13-08-2019,1731
14-08-2019,1741
15-08-2019,1742.5
16-08-2019,1755.5
17-08-2019,1762.5
18-08-2019,1762.5
19-08-2019,1762.5
20-08-2019,1756.5
21-08-2019,1751
22-08-2019,1739
23-08-2019,1746
24-08-2019,1744
25-08-2019,1744
26-08-2019,1744
27-08-2019,1744
28-08-2019,1724
29-08-2019,1713.5
30-08-2019,1712.5
31-08-2019,1716.5
01-09-2019,1716.5
02-09-2019,1716.5
03-09-2019,1714.5
04-09-2019,1734.5
05-09-2019,1754.5
06-09-2019,1761.5
07-09-2019,1769
08-09-2019,1769
09-09-2019,1769
10-09-2019,1776
11-09-2019,1792.5
12-09-2019,1774
13-09-2019,1768
14-09-2019,1770.5
15-09-2019,1770.5
16-09-2019,1770.5
17-09-2019,1746.5
18-09-2019,1751
19-09-2019,1762.5
20-09-2019,1766
21-09-2019,1756
22-09-2019,1756
23-09-2019,1756
24-09-2019,1751.5
25-09-2019,1736
26-09-2019,1724
27-09-2019,1713
28-09-2019,1703.5
29-09-2019,1703.5
30-09-2019,1703.5
01-10-2019,1705.5
02-10-2019,1697
03-10-2019,1697
04-10-2019,1701.5
05-10-2019,1713
06-10-2019,1713
07-10-2019,1713
08-10-2019,1732
09-10-2019,1729
10-10-2019,1738
11-10-2019,1721
12-10-2019,1704.5
13-10-2019,1704.5
14-10-2019,1704.5
15-10-2019,1702
16-10-2019,1703.5
17-10-2019,1726
18-10-2019,1729
19-10-2019,1735.5
20-10-2019,1735.5
21-10-2019,1735.5
22-10-2019,1707.5
23-10-2019,1712
24-10-2019,1715
25-10-2019,1710.5
26-10-2019,1727
27-10-2019,1727
28-10-2019,1727
29-10-2019,1737.5
30-10-2019,1746.5
31-10-2019,1742.5
01-11-2019,1766
02-11-2019,1787
03-11-2019,1787
04-11-2019,1787
05-11-2019,1813.5
06-11-2019,1817.5
07-11-2019,1817.5
08-11-2019,1827.5
09-11-2019,1805
10-11-2019,1805
11-11-2019,1805
12-11-2019,1765.5
13-11-2019,1768
14-11-2019,1756
15-11-2019,1741
16-11-2019,1744
17-11-2019,1744
18-11-2019,1744
19-11-2019,1734.5
20-11-2019,1748
21-11-2019,1753
22-11-2019,1750
23-11-2019,1753
24-11-2019,1753
25-11-2019,1753
26-11-2019,1750.5
27-11-2019,1770.5
28-11-2019,1765
29-11-2019,1785.5
30-11-2019,1789.5
01-12-2019,1789.5
02-12-2019,1789.5
03-12-2019,1802
04-12-2019,1771
05-12-2019,1756
06-12-2019,1750.5
07-12-2019,1766
08-12-2019,1766
09-12-2019,1766
10-12-2019,1750
11-12-2019,1751.5
12-12-2019,1755
13-12-2019,1763.5
14-12-2019,1763
15-12-2019,1763
16-12-2019,1763
17-12-2019,1754
18-12-2019,1758
19-12-2019,1765.5
20-12-2019,1770.5
21-12-2019,1771.5
22-12-2019,1771.5
23-12-2019,1771.5
24-12-2019,1790.5
25-12-2019,1789
26-12-2019,1789
27-12-2019,1789
28-12-2019,1791
29-12-2019,1791
30-12-2019,1791
31-12-2019,1800
01-01-2020,1772
02-01-2020,1772
03-01-2020,1758
04-01-2020,1791
05-01-2020,1791
06-01-2020,1791
07-01-2020,1794
08-01-2020,1771.5
09-01-2020,1771
10-01-2020,1771.5
11-01-2020,1766.5
12-01-2020,1766.5
13-01-2020,1766.5
14-01-2020,1767.5
15-01-2020,1778.5
16-01-2020,1794
17-01-2020,1796
18-01-2020,1807
19-01-2020,1807
20-01-2020,1807
21-01-2020,1810.5
22-01-2020,1807.5
23-01-2020,1781.5
24-01-2020,1775.5
25-01-2020,1755.5
26-01-2020,1755.5
27-01-2020,1755.5
28-01-2020,1744.5
29-01-2020,1732.5
30-01-2020,1722.5
31-01-2020,1709.5
01-02-2020,1694.5
02-02-2020,1694.5
03-02-2020,1694.5
04-02-2020,1687
05-02-2020,1688
06-02-2020,1698
07-02-2020,1693.5
08-02-2020,1676
09-02-2020,1676
10-02-2020,1676
11-02-2020,1689.5
12-02-2020,1707
13-02-2020,1701.5
14-02-2020,1704.5
15-02-2020,1678.5
16-02-2020,1678.5
17-02-2020,1678.5
18-02-2020,1681
19-02-2020,1686
20-02-2020,1687
21-02-2020,1677
22-02-2020,1672.5
23-02-2020,1672.5
24-02-2020,1672.5
25-02-2020,1685
26-02-2020,1676.5
27-02-2020,1671
28-02-2020,1663
29-02-2020,1684.5
01-03-2020,1684.5
02-03-2020,1684.5
03-03-2020,1706
04-03-2020,1723.5
05-03-2020,1715
06-03-2020,1687
07-03-2020,1643.5
08-03-2020,1643.5
09-03-2020,1643.5
10-03-2020,1689
11-03-2020,1670.5
12-03-2020,1643
13-03-2020,1677
14-03-2020,1640.5
15-03-2020,1640.5
16-03-2020,1640.5
17-03-2020,1628
18-03-2020,1602.5
19-03-2020,1581
20-03-2020,1580.5
21-03-2020,1536
22-03-2020,1536
23-03-2020,1536
24-03-2020,1532.5
25-03-2020,1507.5
26-03-2020,1507.5
27-03-2020,1506
28-03-2020,1495
29-03-2020,1495
30-03-2020,1495
31-03-2020,1489
01-04-2020,1463.5
02-04-2020,1448.5
03-04-2020,1452
04-04-2020,1424.5
05-04-2020,1424.5
06-04-2020,1424.5
07-04-2020,1455.5
08-04-2020,1421.5
09-04-2020,1428.5
10-04-2020,1456
11-04-2020,1456
12-04-2020,1456
13-04-2020,1456
14-04-2020,1456
15-04-2020,1469.5
16-04-2020,1476
17-04-2020,1482.5
18-04-2020,1451.5
19-04-2020,1451.5
20-04-2020,1451.5
21-04-2020,1443.5
22-04-2020,1461.5
23-04-2020,1473.5
24-04-2020,1473
25-04-2020,1472.5
26-04-2020,1472.5
27-04-2020,1472.5
28-04-2020,1465
29-04-2020,1464
30-04-2020,1460.5
01-05-2020,1440
02-05-2020,1437
03-05-2020,1437
04-05-2020,1437
05-05-2020,1438.5
06-05-2020,1443
07-05-2020,1450
08-05-2020,1454.5
09-05-2020,1454.5
10-05-2020,1454.5
11-05-2020,1454.5
12-05-2020,1443
13-05-2020,1439
14-05-2020,1433.5
15-05-2020,1432.5
16-05-2020,1441.5
17-05-2020,1441.5
18-05-2020,1441.5
19-05-2020,1464
20-05-2020,1454
21-05-2020,1487
22-05-2020,1473
23-05-2020,1486
24-05-2020,1486
25-05-2020,1486
26-05-2020,1486
27-05-2020,1504
28-05-2020,1500.5
29-05-2020,1515
30-05-2020,1511.5
31-05-2020,1511.5
01-06-2020,1511.5
02-06-2020,1499.5
03-06-2020,1526
04-06-2020,1535
05-06-2020,1553.5
06-06-2020,1569.5
07-06-2020,1569.5
08-06-2020,1569.5
09-06-2020,1565.5
10-06-2020,1613.5
11-06-2020,1582
12-06-2020,1560
13-06-2020,1546
14-06-2020,1546
15-06-2020,1546
16-06-2020,1573.5
17-06-2020,1577.5
18-06-2020,1586.5
19-06-2020,1578
20-06-2020,1573
21-06-2020,1573
22-06-2020,1573
23-06-2020,1577.5
24-06-2020,1564
25-06-2020,1543.5
26-06-2020,1582
27-06-2020,1589
28-06-2020,1589
29-06-2020,1589
30-06-2020,1602
01-07-2020,1593.5
02-07-2020,1601.5
03-07-2020,1581.5
04-07-2020,1593
05-07-2020,1593
06-07-2020,1593
07-07-2020,1596.5
08-07-2020,1619
09-07-2020,1659.5
10-07-2020,1639.5
11-07-2020,1664.5
12-07-2020,1664.5
13-07-2020,1664.5
14-07-2020,1640
15-07-2020,1651
16-07-2020,1627
17-07-2020,1618
18-07-2020,1621
19-07-2020,1621
20-07-2020,1621
21-07-2020,1646.5
22-07-2020,1651
23-07-2020,1661
24-07-2020,1654.5
25-07-2020,1661.5
26-07-2020,1661.5
27-07-2020,1661.5
28-07-2020,1671
29-07-2020,1687
30-07-2020,1681.5
31-07-2020,1685.5
01-08-2020,1679.5
02-08-2020,1679.5
03-08-2020,1679.5
04-08-2020,1709.5
05-08-2020,1739
06-08-2020,1722
07-08-2020,1744
08-08-2020,1730
09-08-2020,1730
10-08-2020,1730
11-08-2020,1749.5
12-08-2020,1754
13-08-2020,1738
14-08-2020,1730
15-08-2020,1719.5
16-08-2020,1719.5
17-08-2020,1719.5
18-08-2020,1733
19-08-2020,1746.5
20-08-2020,1755.5
21-08-2020,1722.5
22-08-2020,1735.5
23-08-2020,1735.5
24-08-2020,1735.5
25-08-2020,1733
26-08-2020,1737
27-08-2020,1738
28-08-2020,1762
29-08-2020,1781.5
30-08-2020,1781.5
31-08-2020,1781.5
01-09-2020,1781.5
02-09-2020,1778.5
03-09-2020,1743.5
04-09-2020,1753
05-09-2020,1763
06-09-2020,1763
07-09-2020,1763
08-09-2020,1744
09-09-2020,1740
10-09-2020,1743.5
11-09-2020,1746.5
12-09-2020,1749
13-09-2020,1749
14-09-2020,1749
15-09-2020,1767
16-09-2020,1759
17-09-2020,1743.5
18-09-2020,1745
19-09-2020,1752.5
20-09-2020,1752.5
21-09-2020,1752.5
22-09-2020,1744
23-09-2020,1718.5
24-09-2020,1697
25-09-2020,1708.5
26-09-2020,1737
27-09-2020,1737
28-09-2020,1737
29-09-2020,1746
30-09-2020,1737
01-10-2020,1716
02-10-2020,1705
03-10-2020,1741.5
04-10-2020,1741.5
05-10-2020,1741.5
06-10-2020,1755
07-10-2020,1745.5
08-10-2020,1786
09-10-2020,1805.5
10-10-2020,1829.5
11-10-2020,1829.5
12-10-2020,1829.5
13-10-2020,1841
14-10-2020,1836
15-10-2020,1824
16-10-2020,1865.5
17-10-2020,1848
18-10-2020,1848
19-10-2020,1848
20-10-2020,1826
21-10-2020,1842.5
22-10-2020,1828
23-10-2020,1829
24-10-2020,1822.5
25-10-2020,1822.5
26-10-2020,1822.5
27-10-2020,1808
28-10-2020,1801
29-10-2020,1786
30-10-2020,1820.5
31-10-2020,1834.5
01-11-2020,1834.5
02-11-2020,1834.5
03-11-2020,1891
04-11-2020,1877
05-11-2020,1885.5
06-11-2020,1891.5
07-11-2020,1913
08-11-2020,1913
09-11-2020,1913
10-11-2020,1880
11-11-2020,1905
12-11-2020,1904.5
13-11-2020,1918
14-11-2020,1933
15-11-2020,1933
16-11-2020,1933
17-11-2020,1944.5
18-11-2020,1978
19-11-2020,1983
20-11-2020,1984
21-11-2020,1969.5
22-11-2020,1969.5
23-11-2020,1969.5
24-11-2020,1964.5
25-11-2020,1967
26-11-2020,1961.5
27-11-2020,1975
28-11-2020,2014.5
29-11-2020,2014.5
30-11-2020,2014.5
01-12-2020,2045.5
02-12-2020,2051.5
03-12-2020,2028
04-12-2020,2027.5
05-12-2020,2004
06-12-2020,2004
07-12-2020,2004
08-12-2020,1986
09-12-2020,2010
10-12-2020,2031
11-12-2020,2022
12-12-2020,2042.5
13-12-2020,2042.5
14-12-2020,2042.5
15-12-2020,2022
16-12-2020,2029
17-12-2020,2028
18-12-2020,2049
19-12-2020,2012.5
20-12-2020,2012.5
21-12-2020,2012.5
22-12-2020,1993
23-12-2020,1999
24-12-2020,2022
25-12-2020,2000
26-12-2020,2000
27-12-2020,2000
28-12-2020,2000
29-12-2020,2000
30-12-2020,1995.5
31-12-2020,1978
01-01-2021,2013.5
02-01-2021,2013.5
03-01-2021,2013.5
04-01-2021,2013.5
05-01-2021,2027.5
06-01-2021,2062.5
07-01-2021,2008
08-01-2021,2029.5
09-01-2021,2008
10-01-2021,2008
11-01-2021,2008
12-01-2021,2025.5
13-01-2021,2009.5
14-01-2021,2010.5
15-01-2021,2000.5
16-01-2021,1979.5
17-01-2021,1979.5
18-01-2021,1979.5
19-01-2021,1951.5
20-01-2021,1976
21-01-2021,1992.5
22-01-2021,1975.5
23-01-2021,2011.5
24-01-2021,2011.5
25-01-2021,2011.5
26-01-2021,2025
27-01-2021,2003.5
28-01-2021,1979
29-01-2021,1987
30-01-2021,1985.5
31-01-2021,1985.5
01-02-2021,1985.5
02-02-2021,1958
03-02-2021,1973
04-02-2021,1979.5
05-02-2021,2007.5
06-02-2021,2025.5
07-02-2021,2025.5
08-02-2021,2025.5
09-02-2021,2045.5
10-02-2021,2070.5
11-02-2021,2075.5
12-02-2021,2076
13-02-2021,2079
14-02-2021,2079
15-02-2021,2079
16-02-2021,2077
17-02-2021,2096.5
18-02-2021,2147
19-02-2021,2135
20-02-2021,2153.5
21-02-2021,2153.5
22-02-2021,2153.5
23-02-2021,2136.5
24-02-2021,2145.5
25-02-2021,2223
26-02-2021,2202.5
27-02-2021,2154.5
28-02-2021,2154.5
01-03-2021,2154.5
02-03-2021,2176
03-03-2021,2203
04-03-2021,2169
05-03-2021,2185
06-03-2021,2152.5
07-03-2021,2152.5
08-03-2021,2152.5
09-03-2021,2141
10-03-2021,2149.5
11-03-2021,2159
12-03-2021,2139
13-03-2021,2184.5
14-03-2021,2184.5
15-03-2021,2184.5
16-03-2021,2174.5
17-03-2021,2202.5
18-03-2021,2192
19-03-2021,2188
20-03-2021,2254
21-03-2021,2254
22-03-2021,2254
23-03-2021,2205
24-03-2021,2220.5
25-03-2021,2208
26-03-2021,2260.5
27-03-2021,2255.5
28-03-2021,2255.5
29-03-2021,2255.5
30-03-2021,2220.5
31-03-2021,2212.5
01-04-2021,2212.5
02-04-2021,2247
03-04-2021,2247
04-04-2021,2247
05-04-2021,2247
06-04-2021,2247
07-04-2021,2239.5
08-04-2021,2267.5
09-04-2021,2250
10-04-2021,2254
11-04-2021,2254
12-04-2021,2254
13-04-2021,2278
14-04-2021,2297.5
15-04-2021,2328
16-04-2021,2308.5
17-04-2021,2331
18-04-2021,2331
19-04-2021,2331
20-04-2021,2324
21-04-2021,2344
22-04-2021,2373.5
23-04-2021,2373.5
24-04-2021,2388
25-04-2021,2388
26-04-2021,2388
27-04-2021,2389
28-04-2021,2392.5
29-04-2021,2432
30-04-2021,2445
01-05-2021,2434.5
02-05-2021,2434.5
03-05-2021,2434.5
04-05-2021,2434.5
05-05-2021,2446
06-05-2021,2476.5
07-05-2021,2518.5
08-05-2021,2565
09-05-2021,2565
10-05-2021,2565
11-05-2021,2549.5
12-05-2021,2474
13-05-2021,2422.5
14-05-2021,2438
15-05-2021,2455
16-05-2021,2455
17-05-2021,2455
18-05-2021,2468
19-05-2021,2402.5
20-05-2021,2392
21-05-2021,2403
22-05-2021,2305
23-05-2021,2305
24-05-2021,2305
25-05-2021,2341
26-05-2021,2359.5
27-05-2021,2388
28-05-2021,2404.5
29-05-2021,2461.5
30-05-2021,2461.5
31-05-2021,2461.5
01-06-2021,2461.5
02-06-2021,2442
03-06-2021,2386.5
04-06-2021,2412.5
05-06-2021,2417.5
06-06-2021,2417.5
07-06-2021,2417.5
08-06-2021,2439
09-06-2021,2459
10-06-2021,2470
11-06-2021,2490
12-06-2021,2504
13-06-2021,2504
14-06-2021,2504
15-06-2021,2458.5
16-06-2021,2454.5
17-06-2021,2427.5
18-06-2021,2374
19-06-2021,2353.5
20-06-2021,2353.5
21-06-2021,2353.5
22-06-2021,2375.5
23-06-2021,2386.5
24-06-2021,2397.5
25-06-2021,2451
26-06-2021,2458
27-06-2021,2458
28-06-2021,2458
29-06-2021,2518.5
30-06-2021,2523
01-07-2021,2481
02-07-2021,2519.5
03-07-2021,2539.5
04-07-2021,2539.5
05-07-2021,2539.5
06-07-2021,2529.5
07-07-2021,2508.5
08-07-2021,2435
09-07-2021,2470
10-07-2021,2449
11-07-2021,2449
12-07-2021,2449
13-07-2021,2478
14-07-2021,2509
15-07-2021,2495
16-07-2021,2493
17-07-2021,2425
18-07-2021,2425
19-07-2021,2425
20-07-2021,2424.5
21-07-2021,2432
22-07-2021,2449
23-07-2021,2492
24-07-2021,2499.5
25-07-2021,2499.5
26-07-2021,2499.5
27-07-2021,2497.5
28-07-2021,2516
29-07-2021,2556.5
30-07-2021,2624
31-07-2021,2635
01-08-2021,2635
02-08-2021,2635
03-08-2021,2595.5
04-08-2021,2575.5
05-08-2021,2583.5
06-08-2021,2618.5
07-08-2021,2547
08-08-2021,2547
09-08-2021,2547
10-08-2021,2579
11-08-2021,2578
12-08-2021,2602
13-08-2021,2602.5
14-08-2021,2644
15-08-2021,2644
16-08-2021,2644
17-08-2021,2633
18-08-2021,2589.5
19-08-2021,2544
20-08-2021,2569
21-08-2021,2609
22-08-2021,2609
23-08-2021,2609
24-08-2021,2648.5
25-08-2021,2647.5
26-08-2021,2635
27-08-2021,2673.5
28-08-2021,2714
29-08-2021,2714
30-08-2021,2714
31-08-2021,2714
01-09-2021,2667.5
02-09-2021,2694.5
03-09-2021,2696
04-09-2021,2745.5
05-09-2021,2745.5
06-09-2021,2745.5
07-09-2021,2740.5
08-09-2021,2775
09-09-2021,2817
10-09-2021,2896.5
11-09-2021,2950
12-09-2021,2950
13-09-2021,2950
14-09-2021,2847
15-09-2021,2868
16-09-2021,2869
17-09-2021,2915
18-09-2021,2847
19-09-2021,2847
20-09-2021,2847
21-09-2021,2864
22-09-2021,2887
23-09-2021,2937
24-09-2021,2905.5
25-09-2021,2888
26-09-2021,2888
27-09-2021,2888
28-09-2021,2899
29-09-2021,2913
30-09-2021,2851
01-10-2021,2865
02-10-2021,2889
03-10-2021,2889
04-10-2021,2889
05-10-2021,2894.5
06-10-2021,2880
07-10-2021,2916
08-10-2021,2902
09-10-2021,3020
10-10-2021,3020
11-10-2021,3020
12-10-2021,3052
13-10-2021,3076
14-10-2021,3152
15-10-2021,3163
16-10-2021,3180
17-10-2021,3180
18-10-2021,3180
19-10-2021,3176
20-10-2021,3065
21-10-2021,3014
22-10-2021,2946
23-10-2021,2917
24-10-2021,2917
25-10-2021,2917
26-10-2021,2831
27-10-2021,2704
28-10-2021,2721
29-10-2021,2695
30-10-2021,2713
31-10-2021,2713
01-11-2021,2713
02-11-2021,2680
03-11-2021,2706
04-11-2021,2643
05-11-2021,2490.5
06-11-2021,2530.5
07-11-2021,2530.5
08-11-2021,2530.5
09-11-2021,2582
10-11-2021,2554
11-11-2021,2645.5
12-11-2021,2676
13-11-2021,2678
14-11-2021,2678
15-11-2021,2678
16-11-2021,2628.5
17-11-2021,2628
18-11-2021,2607.5
19-11-2021,2661
20-11-2021,2653.5
21-11-2021,2653.5
22-11-2021,2653.5
23-11-2021,2691
24-11-2021,2699
25-11-2021,2740.5
26-11-2021,2618.5
27-11-2021,2650
28-11-2021,2650
29-11-2021,2650
30-11-2021,2635
01-12-2021,2669.5
02-12-2021,2655
03-12-2021,2648
04-12-2021,2600.5
05-12-2021,2600.5
06-12-2021,2600.5
07-12-2021,2625
08-12-2021,2626
09-12-2021,2630.5
10-12-2021,2625
11-12-2021,2677
12-12-2021,2677
13-12-2021,2677
14-12-2021,2636
15-12-2021,2597
16-12-2021,2630
17-12-2021,2694
18-12-2021,2645.5
19-12-2021,2645.5
20-12-2021,2645.5
21-12-2021,2696
22-12-2021,2811
23-12-2021,2818
24-12-2021,2848
25-12-2021,2835
26-12-2021,2835
27-12-2021,2835
28-12-2021,2835
29-12-2021,2835
30-12-2021,2829.5
31-12-2021,2806
01-01-2022,2815.5
02-01-2022,2815.5
03-01-2022,2815.5
04-01-2022,2815.5
05-01-2022,2866
06-01-2022,2912.5
07-01-2022,2919.5
08-01-2022,2923
09-01-2022,2923
10-01-2022,2923
11-01-2022,2950
12-01-2022,3003
13-01-2022,2960
14-01-2022,2977.5
15-01-2022,3009
16-01-2022,3009
17-01-2022,3009
18-01-2022,3006
19-01-2022,3036
20-01-2022,3109.5
21-01-2022,3079.5
22-01-2022,3044.5
23-01-2022,3044.5
24-01-2022,3044.5
25-01-2022,3064
26-01-2022,3093
27-01-2022,3107
28-01-2022,3110
29-01-2022,3076
30-01-2022,3076
31-01-2022,3076
01-02-2022,3072
02-02-2022,3043
03-02-2022,3058.5
04-02-2022,3087
05-02-2022,3148
06-02-2022,3148
07-02-2022,3148
08-02-2022,3245
09-02-2022,3248
10-02-2022,3313
11-02-2022,3200
12-02-2022,3306
13-02-2022,3306
14-02-2022,3306
15-02-2022,3223
16-02-2022,3282
17-02-2022,3294
18-02-2022,3314
19-02-2022,3315
20-02-2022,3315
21-02-2022,3315
22-02-2022,3420
23-02-2022,3323.5
24-02-2022,3519
25-02-2022,3355.5
26-02-2022,3450
27-02-2022,3450
28-02-2022,3450
01-03-2022,3495.5
02-03-2022,3605
03-03-2022,3728.5
04-03-2022,3851
05-03-2022,3984.5
06-03-2022,3984.5
07-03-2022,3984.5
08-03-2022,3500.5
09-03-2022,3532
10-03-2022,3535
11-03-2022,3472
12-03-2022,3399
13-03-2022,3399
14-03-2022,3399
15-03-2022,3217.5
16-03-2022,3306
17-03-2022,3288
18-03-2022,3380.5
19-03-2022,3518
20-03-2022,3518
21-03-2022,3518
22-03-2022,3550.5
23-03-2022,3560
24-03-2022,3664
25-03-2022,3583
26-03-2022,3606
27-03-2022,3606
28-03-2022,3606
29-03-2022,3583
30-03-2022,3508
31-03-2022,3503
01-04-2022,3483
02-04-2022,3444
03-04-2022,3444
04-04-2022,3444
05-04-2022,3415
06-04-2022,3443.5
07-04-2022,3346
08-04-2022,3395
09-04-2022,3234.5
10-04-2022,3234.5
11-04-2022,3234.5
12-04-2022,3214.5
13-04-2022,3207
14-04-2022,3237.5
15-04-2022,3312
16-04-2022,3312
17-04-2022,3312
18-04-2022,3312
19-04-2022,3312
20-04-2022,3240
21-04-2022,3262
22-04-2022,3244
23-04-2022,3090
24-04-2022,3090
25-04-2022,3090
26-04-2022,3102.5
27-04-2022,3100
28-04-2022,3065.5
29-04-2022,3039
30-04-2022,2911.5
01-05-2022,2911.5
02-05-2022,2911.5
03-05-2022,2911.5
04-05-2022,2929
05-05-2022,2917
06-05-2022,2832.5
07-05-2022,2708
08-05-2022,2708
09-05-2022,2708
10-05-2022,2677
11-05-2022,2737
12-05-2022,2688
13-05-2022,2723
14-05-2022,2791
15-05-2022,2791
16-05-2022,2791
17-05-2022,2836
18-05-2022,2845
19-05-2022,2826
20-05-2022,2931
21-05-2022,2963
22-05-2022,2963
23-05-2022,2963
24-05-2022,2881
25-05-2022,2829.5
26-05-2022,2825.5
27-05-2022,2823
28-05-2022,2863
29-05-2022,2863
30-05-2022,2863
31-05-2022,2816.5
01-06-2022,2701.5
02-06-2022,2742
03-06-2022,2742
04-06-2022,2742
05-06-2022,2742
06-06-2022,2742
07-06-2022,2715
08-06-2022,2765.5
09-06-2022,2752.5
10-06-2022,2695
11-06-2022,2589.5
12-06-2022,2589.5
13-06-2022,2589.5
14-06-2022,2588
15-06-2022,2580
16-06-2022,2500.5
17-06-2022,2474
18-06-2022,2462
19-06-2022,2462
20-06-2022,2462
21-06-2022,2519.5
22-06-2022,2455.5
23-06-2022,2480
24-06-2022,2436
25-06-2022,2453
26-06-2022,2453
27-06-2022,2453
28-06-2022,2500
29-06-2022,2452
30-06-2022,2397
01-07-2022,2384
02-07-2022,2431.5
03-07-2022,2431.5
04-07-2022,2431.5
05-07-2022,2374
06-07-2022,2358
07-07-2022,2417.5
08-07-2022,2399.5
09-07-2022,2417
10-07-2022,2417
11-07-2022,2417
12-07-2022,2358
13-07-2022,2343
14-07-2022,2329
15-07-2022,2320.5
16-07-2022,2377.5
17-07-2022,2377.5
18-07-2022,2377.5
19-07-2022,2412
20-07-2022,2456.5
21-07-2022,2426
22-07-2022,2460
23-07-2022,2431.5
24-07-2022,2431.5
25-07-2022,2431.5
26-07-2022,2437
27-07-2022,2390.5
28-07-2022,2458
29-07-2022,2452
30-07-2022,2469.5
31-07-2022,2469.5
01-08-2022,2469.5
02-08-2022,2448.5
03-08-2022,2403
04-08-2022,2374
05-08-2022,2447.5
06-08-2022,2435.5
07-08-2022,2435.5
08-08-2022,2435.5
09-08-2022,2488
10-08-2022,2462.5
11-08-2022,2498
12-08-2022,2468.5
13-08-2022,2389.5
14-08-2022,2389.5
15-08-2022,2389.5
16-08-2022,2442
17-08-2022,2414
18-08-2022,2412
19-08-2022,2376
20-08-2022,2387.5
21-08-2022,2387.5
22-08-2022,2387.5
23-08-2022,2438.5
24-08-2022,2422
25-08-2022,2442.5
26-08-2022,2495
27-08-2022,2406.5
28-08-2022,2406.5
29-08-2022,2406.5
30-08-2022,2406.5
31-08-2022,2368.5
01-09-2022,2306
02-09-2022,2309
03-09-2022,2290.5
04-09-2022,2290.5
05-09-2022,2290.5
06-09-2022,2260
07-09-2022,2230.5
08-09-2022,2256
09-09-2022,2280
10-09-2022,2288.5
11-09-2022,2288.5
12-09-2022,2288.5
13-09-2022,2309.5
14-09-2022,2227.5
15-09-2022,2272
16-09-2022,2259
17-09-2022,2232
18-09-2022,2232
19-09-2022,2232
20-09-2022,2245.5
21-09-2022,2191
22-09-2022,2195.5
23-09-2022,2153
24-09-2022,2125.5
25-09-2022,2125.5
26-09-2022,2125.5
27-09-2022,2106
28-09-2022,2080
29-09-2022,2261
30-09-2022,2180
01-10-2022,2164
02-10-2022,2164
03-10-2022,2164
04-10-2022,2261.5
05-10-2022,2289
06-10-2022,2355
07-10-2022,2342
08-10-2022,2274
09-10-2022,2274
10-10-2022,2274
11-10-2022,2218.5
12-10-2022,2227
13-10-2022,2374
14-10-2022,2309
15-10-2022,2240
16-10-2022,2240
17-10-2022,2240
18-10-2022,2200.5
19-10-2022,2169
20-10-2022,2214
21-10-2022,2155.5
22-10-2022,2160
23-10-2022,2160
24-10-2022,2160
25-10-2022,2170.5
26-10-2022,2265.5
27-10-2022,2297
28-10-2022,2226
29-10-2022,2197
30-10-2022,2197
31-10-2022,2197
01-11-2022,2245.5
02-11-2022,2227
03-11-2022,2216
04-11-2022,2306
05-11-2022,2292
06-11-2022,2292
07-11-2022,2292
08-11-2022,2327
09-11-2022,2338
10-11-2022,2272
11-11-2022,2410
12-11-2022,2392
13-11-2022,2392
14-11-2022,2392
15-11-2022,2410
16-11-2022,2393
17-11-2022,2342.5
18-11-2022,2369
19-11-2022,2344
20-11-2022,2344
21-11-2022,2344
22-11-2022,2394
23-11-2022,2364
24-11-2022,2344
25-11-2022,2346
26-11-2022,2315.5
27-11-2022,2315.5
28-11-2022,2315.5
29-11-2022,2341.5
30-11-2022,2387
01-12-2022,2430.5
02-12-2022,2448.5
03-12-2022,2485
04-12-2022,2485
05-12-2022,2485
06-12-2022,2461
07-12-2022,2450.5
08-12-2022,2468.5
09-12-2022,2453.5
10-12-2022,2390
11-12-2022,2390
12-12-2022,2390
13-12-2022,2388
14-12-2022,2379.5
15-12-2022,2396
16-12-2022,2354
17-12-2022,2327
18-12-2022,2327
19-12-2022,2327
20-12-2022,2329.5
21-12-2022,2357
22-12-2022,2362
23-12-2022,2342
24-12-2022,2343
25-12-2022,2343
26-12-2022,2343
27-12-2022,2343
28-12-2022,2343
29-12-2022,2371.5
30-12-2022,2360.5
31-12-2022,2360.5
