,timestamp,value
0,1/4/2016,1466
1,1/5/2016,1473
2,1/6/2016,1457
3,1/7/2016,1455
4,1/8/2016,1476
5,1/11/2016,1471.5
6,1/12/2016,1457
7,1/13/2016,1453
8,1/14/2016,1478
9,1/15/2016,1467.5
10,1/18/2016,1486.5
11,1/19/2016,1494
12,1/20/2016,1461.5
13,1/21/2016,1470
14,1/22/2016,1497.5
15,1/25/2016,1480
16,1/26/2016,1480.5
17,1/27/2016,1508
18,1/28/2016,1527
19,1/29/2016,1529.5
20,2/1/2016,1520
21,2/2/2016,1524.5
22,2/3/2016,1514
23,2/4/2016,1532
24,2/5/2016,1531
25,2/8/2016,1496
26,2/9/2016,1492
27,2/10/2016,1499
28,2/11/2016,1494
29,2/12/2016,1499
30,2/15/2016,1505.5
31,2/16/2016,1528.5
32,2/17/2016,1520
33,2/18/2016,1530
34,2/19/2016,1552
35,2/22/2016,1573
36,2/23/2016,1575.5
37,2/24/2016,1552
38,2/25/2016,1600
39,2/26/2016,1588.5
40,2/29/2016,1621.5
41,3/1/2016,1590.5
42,3/2/2016,1597
43,3/3/2016,1603.5
44,3/4/2016,1587.5
45,3/7/2016,1600
46,3/8/2016,1590
47,3/9/2016,1564
48,3/10/2016,1565
49,3/11/2016,1548.5
50,3/14/2016,1532.5
51,3/15/2016,1508
52,3/16/2016,1495
53,3/17/2016,1503.5
54,3/18/2016,1498
55,3/21/2016,1486
56,3/22/2016,1481
57,3/23/2016,1480
58,3/24/2016,1469.5
59,3/29/2016,1473
60,3/30/2016,1478
61,3/31/2016,1491.5
62,4/1/2016,1524
63,4/4/2016,1523
64,4/5/2016,1498
65,4/6/2016,1481
66,4/7/2016,1485
67,4/8/2016,1492
68,4/11/2016,1493.5
69,4/12/2016,1514
70,4/13/2016,1545.5
71,4/14/2016,1548.5
72,4/15/2016,1535
73,4/18/2016,1547
74,4/19/2016,1565.5
75,4/20/2016,1598
76,4/21/2016,1628
77,4/22/2016,1635
78,4/25/2016,1641
79,4/26/2016,1632
80,4/27/2016,1642.5
81,4/28/2016,1649
82,4/29/2016,1673
83,5/3/2016,1629
84,5/4/2016,1611
85,5/5/2016,1601.5
86,5/6/2016,1599
87,5/9/2016,1556.5
88,5/10/2016,1542.5
89,5/11/2016,1560
90,5/12/2016,1545
91,5/13/2016,1529
92,5/16/2016,1525.5
93,5/17/2016,1532
94,5/18/2016,1529.5
95,5/19/2016,1536
96,5/20/2016,1559
97,5/23/2016,1526
98,5/24/2016,1553
99,5/25/2016,1539
100,5/26/2016,1553
101,5/27/2016,1552
102,5/31/2016,1548
103,6/1/2016,1544
104,6/2/2016,1559
105,6/3/2016,1543
106,6/6/2016,1548
107,6/7/2016,1541
108,6/8/2016,1596
109,6/9/2016,1591.5
110,6/10/2016,1584
111,6/13/2016,1581.5
112,6/14/2016,1605
113,6/15/2016,1613.5
114,6/16/2016,1592.5
115,6/17/2016,1602.5
116,6/20/2016,1607.5
117,6/21/2016,1623.5
118,6/22/2016,1624
119,6/23/2016,1628
120,6/24/2016,1600.5
121,6/27/2016,1592
122,6/28/2016,1602.5
123,6/29/2016,1614
124,6/30/2016,1635
125,7/1/2016,1645
126,7/4/2016,1653
127,7/5/2016,1624
128,7/6/2016,1623.5
129,7/7/2016,1637
130,7/8/2016,1640.5
131,7/11/2016,1653
132,7/12/2016,1646
133,7/13/2016,1669.5
134,7/14/2016,1672
135,7/15/2016,1682
136,7/18/2016,1645
137,7/19/2016,1643
138,7/20/2016,1609
139,7/21/2016,1594.5
140,7/22/2016,1600
141,7/25/2016,1601
142,7/26/2016,1590.5
143,7/27/2016,1584
144,7/28/2016,1598
145,7/29/2016,1616
146,8/1/2016,1645.5
147,8/2/2016,1635.5
148,8/3/2016,1620
149,8/4/2016,1616
150,8/5/2016,1628
151,8/8/2016,1645
152,8/9/2016,1626
153,8/10/2016,1646
154,8/11/2016,1630
155,8/12/2016,1635
156,8/15/2016,1644.5
157,8/16/2016,1676
158,8/17/2016,1685.5
159,8/18/2016,1690.5
160,8/19/2016,1648.5
161,8/22/2016,1652
162,8/23/2016,1653
163,8/24/2016,1656.5
164,8/25/2016,1624
165,8/26/2016,1627.5
166,8/30/2016,1627.5
167,8/31/2016,1601
168,9/1/2016,1587
169,9/2/2016,1592
170,9/5/2016,1568.5
171,9/6/2016,1573.5
172,9/7/2016,1582.5
173,9/8/2016,1566
174,9/9/2016,1567.5
175,9/12/2016,1545.5
176,9/13/2016,1556.5
177,9/14/2016,1552.5
178,9/15/2016,1560
179,9/16/2016,1560
180,9/19/2016,1558.5
181,9/20/2016,1563
182,9/21/2016,1570
183,9/22/2016,1611.5
184,9/23/2016,1637.5
185,9/26/2016,1620
186,9/27/2016,1648
187,9/28/2016,1648.5
188,9/29/2016,1653
189,9/30/2016,1658.5
190,10/3/2016,1650
191,10/4/2016,1670.5
192,10/5/2016,1662.5
193,10/6/2016,1667.5
194,10/7/2016,1675
195,10/10/2016,1678
196,10/11/2016,1673
197,10/12/2016,1684
198,10/13/2016,1681
199,10/14/2016,1685
200,10/17/2016,1645
201,10/18/2016,1663.5
202,10/19/2016,1622
203,10/20/2016,1612.5
204,10/21/2016,1617
205,10/24/2016,1626.5
206,10/25/2016,1651
207,10/26/2016,1673
208,10/27/2016,1681.5
209,10/28/2016,1701.5
210,10/31/2016,1723
211,11/1/2016,1732
212,11/2/2016,1709
213,11/3/2016,1726
214,11/4/2016,1718.5
215,11/7/2016,1716
216,11/8/2016,1706
217,11/9/2016,1737.5
218,11/10/2016,1772.5
219,11/11/2016,1777
220,11/14/2016,1765
221,11/15/2016,1727
222,11/16/2016,1719
223,11/17/2016,1692.5
224,11/18/2016,1712
225,11/21/2016,1726
226,11/22/2016,1739
227,11/23/2016,1765.5
228,11/24/2016,1774
229,11/25/2016,1751
230,11/28/2016,1766.5
231,11/29/2016,1722
232,11/30/2016,1722.5
233,12/1/2016,1724
234,12/2/2016,1715
235,12/5/2016,1728
236,12/6/2016,1718
237,12/7/2016,1728
238,12/8/2016,1731.5
239,12/9/2016,1742.5
240,12/12/2016,1749.5
241,12/13/2016,1755
242,12/14/2016,1752
243,12/15/2016,1736
244,12/16/2016,1732.5
245,12/19/2016,1717
246,12/20/2016,1722.5
247,12/21/2016,1730.5
248,12/22/2016,1737.5
249,12/23/2016,1740
250,12/28/2016,1726.5
251,12/29/2016,1713
252,12/30/2016,1713.5
253,1/3/2017,1702
254,1/4/2017,1701
255,1/5/2017,1709.5
256,1/6/2017,1722
257,1/9/2017,1717
258,1/10/2017,1757.5
259,1/11/2017,1748.5
260,1/12/2017,1788
261,1/13/2017,1790.5
262,1/16/2017,1812
263,1/17/2017,1805.5
264,1/18/2017,1800.5
265,1/19/2017,1832
266,1/20/2017,1839
267,1/23/2017,1870
268,1/24/2017,1870
269,1/25/2017,1849
270,1/26/2017,1837.5
271,1/27/2017,1827.5
272,1/30/2017,1807
273,1/31/2017,1820.5
274,2/1/2017,1818
275,2/2/2017,1813
276,2/3/2017,1808.5
277,2/6/2017,1812
278,2/7/2017,1809
279,2/8/2017,1821
280,2/9/2017,1839
281,2/10/2017,1849
282,2/13/2017,1867.5
283,2/14/2017,1893
284,2/15/2017,1871
285,2/16/2017,1878
286,2/17/2017,1865.5
287,2/20/2017,1878
288,2/21/2017,1878
289,2/22/2017,1873
290,2/23/2017,1882.5
291,2/24/2017,1877
292,2/27/2017,1908
293,2/28/2017,1895
294,3/1/2017,1934
295,3/2/2017,1929
296,3/3/2017,1909
297,3/6/2017,1868
298,3/7/2017,1858
299,3/8/2017,1881
300,3/9/2017,1847
301,3/10/2017,1884.5
302,3/13/2017,1882
303,3/14/2017,1851
304,3/15/2017,1863
305,3/16/2017,1895
306,3/17/2017,1901
307,3/20/2017,1908
308,3/21/2017,1918
309,3/22/2017,1910
310,3/23/2017,1913
311,3/24/2017,1917.5
312,3/27/2017,1916
313,3/28/2017,1918.5
314,3/29/2017,1931
315,3/30/2017,1955
316,3/31/2017,1946.5
317,4/3/2017,1948.5
318,4/4/2017,1938
319,4/5/2017,1962
320,4/6/2017,1956
321,4/7/2017,1929.5
322,4/10/2017,1929
323,4/11/2017,1907.5
324,4/12/2017,1907
325,4/13/2017,1890
326,4/18/2017,1915.5
327,4/19/2017,1895.5
328,4/20/2017,1933
329,4/21/2017,1932.5
330,4/24/2017,1928
331,4/25/2017,1943
332,4/26/2017,1957.5
333,4/27/2017,1954.5
334,4/28/2017,1930
335,5/2/2017,1909
336,5/3/2017,1916
337,5/4/2017,1909.5
338,5/5/2017,1907
339,5/8/2017,1879
340,5/9/2017,1874
341,5/10/2017,1870
342,5/11/2017,1887
343,5/12/2017,1880
344,5/15/2017,1899.5
345,5/16/2017,1915
346,5/17/2017,1928
347,5/18/2017,1905
348,5/19/2017,1938
349,5/22/2017,1943
350,5/23/2017,1926
351,5/24/2017,1944
352,5/25/2017,1954
353,5/26/2017,1950
354,5/30/2017,1943.5
355,5/31/2017,1919.5
356,6/1/2017,1930
357,6/2/2017,1916.5
358,6/5/2017,1917.5
359,6/6/2017,1893
360,6/7/2017,1903.5
361,6/8/2017,1902.5
362,6/9/2017,1901.5
363,6/12/2017,1888
364,6/13/2017,1877
365,6/14/2017,1886.5
366,6/15/2017,1864
367,6/16/2017,1861
368,6/19/2017,1861.5
369,6/20/2017,1889
370,6/21/2017,1865.5
371,6/22/2017,1872
372,6/23/2017,1868
373,6/26/2017,1855
374,6/27/2017,1861.5
375,6/28/2017,1886
376,6/29/2017,1897.5
377,6/30/2017,1908.5
378,7/3/2017,1917.5
379,7/4/2017,1903.5
380,7/5/2017,1913
381,7/6/2017,1925.5
382,7/7/2017,1920
383,7/10/2017,1914
384,7/11/2017,1879
385,7/12/2017,1877
386,7/13/2017,1911
387,7/14/2017,1904
388,7/17/2017,1901
389,7/18/2017,1887
390,7/19/2017,1907
391,7/20/2017,1898
392,7/21/2017,1901
393,7/24/2017,1890
394,7/25/2017,1896.5
395,7/26/2017,1912
396,7/27/2017,1923
397,7/28/2017,1892
398,7/31/2017,1904
399,8/1/2017,1887
400,8/2/2017,1904
401,8/3/2017,1891.5
402,8/4/2017,1890
403,8/7/2017,1920
404,8/8/2017,1981
405,8/9/2017,2018
406,8/10/2017,2024
407,8/11/2017,2040.5
408,8/14/2017,2030
409,8/15/2017,2056
410,8/16/2017,2075
411,8/17/2017,2095.5
412,8/18/2017,2104.5
413,8/21/2017,2084.5
414,8/22/2017,2104.5
415,8/23/2017,2082.5
416,8/24/2017,2105
417,8/25/2017,2096.5
418,8/29/2017,2092
419,8/30/2017,2066.5
420,8/31/2017,2113.5
421,9/1/2017,2113.5
422,9/4/2017,2095.5
423,9/5/2017,2082
424,9/6/2017,2069.5
425,9/7/2017,2075
426,9/8/2017,2072
427,9/11/2017,2100.5
428,9/12/2017,2083
429,9/13/2017,2083
430,9/14/2017,2065
431,9/15/2017,2068
432,9/18/2017,2066.5
433,9/19/2017,2107.5
434,9/20/2017,2164
435,9/21/2017,2154
436,9/22/2017,2137
437,9/25/2017,2128
438,9/26/2017,2116
439,9/27/2017,2117
440,9/28/2017,2102.5
441,9/29/2017,2110.5
442,10/2/2017,2067
443,10/3/2017,2114.5
444,10/4/2017,2139.5
445,10/5/2017,2124
446,10/6/2017,2121.5
447,10/9/2017,2135
448,10/10/2017,2133
449,10/11/2017,2124
450,10/12/2017,2117.5
451,10/13/2017,2140
452,10/16/2017,2144
453,10/17/2017,2111
454,10/18/2017,2106.5
455,10/19/2017,2128.5
456,10/20/2017,2159
457,10/23/2017,2133.5
458,10/24/2017,2144
459,10/25/2017,2149.5
460,10/26/2017,2175
461,10/27/2017,2119
462,10/30/2017,2143
463,10/31/2017,2140
464,11/1/2017,2188
465,11/2/2017,2152
466,11/3/2017,2165
467,11/6/2017,2152
468,11/7/2017,2131
469,11/8/2017,2103.5
470,11/9/2017,2078
471,11/10/2017,2090
472,11/13/2017,2100
473,11/14/2017,2085
474,11/15/2017,2082
475,11/16/2017,2106
476,11/17/2017,2077
477,11/20/2017,2067.5
478,11/21/2017,2062
479,11/22/2017,2085
480,11/23/2017,2090
481,11/24/2017,2104
482,11/27/2017,2109.5
483,11/28/2017,2100
484,11/29/2017,2062
485,11/30/2017,2033
486,12/1/2017,2046.5
487,12/4/2017,2052.5
488,12/5/2017,2052
489,12/6/2017,2028.5
490,12/7/2017,1994
491,12/8/2017,1992
492,12/11/2017,1991.5
493,12/12/2017,2004
494,12/13/2017,1997
495,12/14/2017,2017
496,12/15/2017,2036
497,12/18/2017,2047.5
498,12/19/2017,2061
499,12/20/2017,2092
500,12/21/2017,2108.5
501,12/22/2017,2137
502,12/27/2017,2199.5
503,12/28/2017,2246
504,12/29/2017,2241.5
505,1/2/2018,2256
506,1/3/2018,2241
507,1/4/2018,2230
508,1/5/2018,2205.5
509,1/8/2018,2177.5
510,1/9/2018,2143.5
511,1/10/2018,2159
512,1/11/2018,2179
513,1/12/2018,2215
514,1/15/2018,2227.5
515,1/16/2018,2172
516,1/17/2018,2187
517,1/18/2018,2225
518,1/19/2018,2256
519,1/22/2018,2235
520,1/23/2018,2213.5
521,1/24/2018,2216
522,1/25/2018,2237.5
523,1/26/2018,2238
524,1/29/2018,2251.5
525,1/30/2018,2229
526,1/31/2018,2224.5
527,2/1/2018,2218
528,2/2/2018,2228
529,2/5/2018,2202
530,2/6/2018,2196
531,2/7/2018,2181.5
532,2/8/2018,2168
533,2/9/2018,2142
534,2/12/2018,2129.5
535,2/13/2018,2123.5
536,2/14/2018,2138
537,2/15/2018,2164
538,2/16/2018,2189.5
539,2/19/2018,2266
540,2/20/2018,2239
541,2/21/2018,2190
542,2/22/2018,2194
543,2/23/2018,2210
544,2/26/2018,2188.5
545,2/27/2018,2172.5
546,2/28/2018,2158.5
547,3/1/2018,2143
548,3/2/2018,2144
549,3/5/2018,2135
550,3/6/2018,2136
551,3/7/2018,2112.5
552,3/8/2018,2082.5
553,3/9/2018,2078.5
554,3/12/2018,2097
555,3/13/2018,2080
556,3/14/2018,2096
557,3/15/2018,2062.5
558,3/16/2018,2069
559,3/19/2018,2070.5
560,3/20/2018,2073
561,3/21/2018,2056.5
562,3/22/2018,2059
563,3/23/2018,2049
564,3/26/2018,2022
565,3/27/2018,2035
566,3/28/2018,2009
567,3/29/2018,1997
568,4/3/2018,2010
569,4/4/2018,1972
570,4/5/2018,1969
571,4/6/2018,1967
572,4/9/2018,2113
573,4/10/2018,2171.5
574,4/11/2018,2253
575,4/12/2018,2220.5
576,4/13/2018,2325
577,4/16/2018,2358.5
578,4/17/2018,2375.5
579,4/18/2018,2528.5
580,4/19/2018,2602.5
581,4/20/2018,2463
582,4/23/2018,2452
583,4/24/2018,2222
584,4/25/2018,2248
585,4/26/2018,2204
586,4/27/2018,2249
587,4/30/2018,2224
588,5/1/2018,2258
589,5/2/2018,2269
590,5/3/2018,2349
591,5/4/2018,2316
592,5/8/2018,2384
593,5/9/2018,2295
594,5/10/2018,2327
595,5/11/2018,2273.5
596,5/14/2018,2285.5
597,5/15/2018,2313
598,5/16/2018,2319.5
599,5/17/2018,2280
600,5/18/2018,2297
601,5/21/2018,2278.5
602,5/22/2018,2265.5
603,5/23/2018,2227
604,5/24/2018,2271
605,5/25/2018,2282
606,5/29/2018,2260
607,5/30/2018,2265.5
608,5/31/2018,2285.5
609,6/1/2018,2271
610,6/4/2018,2324.5
611,6/5/2018,2314.5
612,6/6/2018,2317.5
613,6/7/2018,2331
614,6/8/2018,2287.5
615,6/11/2018,2300
616,6/12/2018,2309
617,6/13/2018,2278
618,6/14/2018,2277.5
619,6/15/2018,2239.5
620,6/18/2018,2220.5
621,6/19/2018,2179
622,6/20/2018,2179
623,6/21/2018,2167
624,6/22/2018,2166
625,6/25/2018,2172
626,6/26/2018,2152
627,6/27/2018,2204.5
628,6/28/2018,2173
629,6/29/2018,2183
630,7/2/2018,2153
631,7/3/2018,2165
632,7/4/2018,2120.5
633,7/5/2018,2127
634,7/6/2018,2098.5
635,7/9/2018,2135.5
636,7/10/2018,2140.5
637,7/11/2018,2120.5
638,7/12/2018,2104.5
639,7/13/2018,2102
640,7/16/2018,2130
641,7/17/2018,2110
642,7/18/2018,2040
643,7/19/2018,2062
644,7/20/2018,2075
645,7/23/2018,2130
646,7/24/2018,2082
647,7/25/2018,2056.5
648,7/26/2018,2054
649,7/27/2018,2055
650,7/30/2018,2054
651,7/31/2018,2061
652,8/1/2018,2036
653,8/2/2018,2023
654,8/3/2018,2016
655,8/6/2018,2000.5
656,8/7/2018,2026.5
657,8/8/2018,2022
658,8/9/2018,2118
659,8/10/2018,2039
660,8/13/2018,2052
661,8/14/2018,2038
662,8/15/2018,1994.5
663,8/16/2018,1998
664,8/17/2018,1999
665,8/20/2018,2033
666,8/21/2018,2040.5
667,8/22/2018,2038.5
668,8/23/2018,2021.5
669,8/24/2018,2062
670,8/28/2018,2088
671,8/29/2018,2116
672,8/30/2018,2127
673,8/31/2018,2112
674,9/3/2018,2083.5
675,9/4/2018,2040
676,9/5/2018,2046
677,9/6/2018,2030.5
678,9/7/2018,2030
679,9/10/2018,2000
680,9/11/2018,2035
681,9/12/2018,1981.5
682,9/13/2018,2014.5
683,9/14/2018,2015.5
684,9/17/2018,1985
685,9/18/2018,2012
686,9/19/2018,1981
687,9/20/2018,2018.5
688,9/21/2018,2034
689,9/24/2018,2035
690,9/25/2018,2020
691,9/26/2018,2056.5
692,9/27/2018,2030
693,9/28/2018,2011.5
694,10/1/2018,2047.5
695,10/2/2018,2080
696,10/3/2018,2166.5
697,10/4/2018,2243.5
698,10/5/2018,2140
699,10/8/2018,2073.5
700,10/9/2018,2031.5
701,10/10/2018,2029
702,10/11/2018,2024
703,10/12/2018,2045
704,10/15/2018,2028
705,10/16/2018,2022
706,10/17/2018,2018
707,10/18/2018,2007.5
708,10/19/2018,2022.5
709,10/22/2018,2002.5
710,10/23/2018,1997
711,10/24/2018,1987.5
712,10/25/2018,1981
713,10/26/2018,1961
714,10/29/2018,1980.5
715,10/30/2018,1952
716,10/31/2018,1946
717,11/1/2018,1961
718,11/2/2018,1967
719,11/5/2018,1959
720,11/6/2018,1950
721,11/7/2018,1951.5
722,11/8/2018,1977
723,11/9/2018,1964.5
724,11/12/2018,1934
725,11/13/2018,1925
726,11/14/2018,1931
727,11/15/2018,1917
728,11/16/2018,1914
729,11/19/2018,1918
730,11/20/2018,1927
731,11/21/2018,1945
732,11/22/2018,1941.5
733,11/23/2018,1922.5
734,11/26/2018,1920
735,11/27/2018,1925
736,11/28/2018,1912.5
737,11/29/2018,1933
738,11/30/2018,1935
739,12/3/2018,1982.5
740,12/4/2018,1985
741,12/5/2018,1966.5
742,12/6/2018,1945
743,12/7/2018,1962
744,12/10/2018,1951
745,12/11/2018,1949.5
746,12/12/2018,1928
747,12/13/2018,1924
748,12/14/2018,1908
749,12/17/2018,1937.5
750,12/18/2018,1940
751,12/19/2018,1928
752,12/20/2018,1923.5
753,12/21/2018,1920
754,12/24/2018,1898.5
755,12/27/2018,1898
756,12/28/2018,1881
757,12/31/2018,1869.5
758,1/2/2019,1858
759,1/3/2019,1825.5
760,1/4/2019,1879
761,1/7/2019,1858
762,1/8/2019,1837
763,1/9/2019,1842
764,1/10/2019,1844
765,1/11/2019,1816
766,1/14/2019,1775.5
767,1/15/2019,1810.5
768,1/16/2019,1839.5
769,1/17/2019,1804
770,1/18/2019,1851
771,1/21/2019,1842.5
772,1/22/2019,1867.5
773,1/23/2019,1877.5
774,1/24/2019,1851
775,1/25/2019,1866.5
776,1/28/2019,1860
777,1/29/2019,1853
778,1/30/2019,1871
779,1/31/2019,1880.5
780,2/1/2019,1872.5
781,2/4/2019,1840
782,2/5/2019,1896.5
783,2/6/2019,1886.5
784,2/7/2019,1862.5
785,2/8/2019,1865
786,2/11/2019,1848
787,2/12/2019,1840.5
788,2/13/2019,1840
789,2/14/2019,1829
790,2/15/2019,1828.5
791,2/18/2019,1822.5
792,2/19/2019,1833.5
793,2/20/2019,1829.5
794,2/21/2019,1858.5
795,2/22/2019,1890.5
796,2/25/2019,1886
797,2/26/2019,1870
798,2/27/2019,1898.5
799,2/28/2019,1893
800,3/1/2019,1890.5
801,3/4/2019,1859.5
802,3/5/2019,1868.5
803,3/6/2019,1846
804,3/7/2019,1841
805,3/8/2019,1848
806,3/11/2019,1830
807,3/12/2019,1851
808,3/13/2019,1873
809,3/14/2019,1873.5
810,3/15/2019,1868
811,3/18/2019,1879
812,3/19/2019,1907.5
813,3/20/2019,1923
814,3/21/2019,1891
815,3/22/2019,1867
816,3/25/2019,1856
817,3/26/2019,1849.5
818,3/27/2019,1898.5
819,3/28/2019,1896.5
820,3/29/2019,1900
821,4/1/2019,1888
822,4/2/2019,1858
823,4/3/2019,1865
824,4/4/2019,1872
825,4/5/2019,1864
826,4/8/2019,1858.5
827,4/9/2019,1851
828,4/10/2019,1852
829,4/11/2019,1847.5
830,4/12/2019,1843.5
831,4/15/2019,1843.5
832,4/16/2019,1839
833,4/17/2019,1840.5
834,4/18/2019,1839
835,4/23/2019,1855
836,4/24/2019,1854
837,4/25/2019,1852
838,4/26/2019,1832
839,4/29/2019,1816
840,4/30/2019,1809
841,5/1/2019,1775.5
842,5/2/2019,1800.5
843,5/3/2019,1783.5
844,5/7/2019,1767
845,5/8/2019,1761
846,5/9/2019,1766.5
847,5/10/2019,1765
848,5/13/2019,1765.5
849,5/14/2019,1792
850,5/15/2019,1802
851,5/16/2019,1832
852,5/17/2019,1805
853,5/20/2019,1786
854,5/21/2019,1766
855,5/22/2019,1747
856,5/23/2019,1740
857,5/24/2019,1761.5
858,5/28/2019,1773
859,5/29/2019,1770
860,5/30/2019,1762
861,5/31/2019,1761
862,6/3/2019,1763.5
863,6/4/2019,1751.5
864,6/5/2019,1766
865,6/6/2019,1742.5
866,6/7/2019,1733
867,6/10/2019,1720.5
868,6/11/2019,1754.5
869,6/12/2019,1753.5
870,6/13/2019,1756
871,6/14/2019,1737.5
872,6/17/2019,1719.5
873,6/18/2019,1733
874,6/19/2019,1746.5
875,6/20/2019,1778
876,6/21/2019,1743.5
877,6/24/2019,1747.5
878,6/25/2019,1776.5
879,6/26/2019,1803
880,6/27/2019,1782
881,6/28/2019,1773.5
882,7/1/2019,1778
883,7/2/2019,1755.5
884,7/3/2019,1754.5
885,7/4/2019,1771.5
886,7/5/2019,1779.5
887,7/8/2019,1783
888,7/9/2019,1783
889,7/10/2019,1811.5
890,7/11/2019,1807
891,7/12/2019,1799.5
892,7/15/2019,1810
893,7/16/2019,1818
894,7/17/2019,1819
895,7/18/2019,1827.5
896,7/19/2019,1833
897,7/22/2019,1808
898,7/23/2019,1795
899,7/24/2019,1795.5
900,7/25/2019,1795.5
901,7/26/2019,1778
902,7/29/2019,1774.5
903,7/30/2019,1781.5
904,7/31/2019,1776.5
905,8/1/2019,1757
906,8/2/2019,1749
907,8/5/2019,1739.5
908,8/6/2019,1740.5
909,8/7/2019,1728
910,8/8/2019,1737.5
911,8/9/2019,1746
912,8/12/2019,1743
913,8/13/2019,1731
914,8/14/2019,1741
915,8/15/2019,1742.5
916,8/16/2019,1755.5
917,8/19/2019,1762.5
918,8/20/2019,1756.5
919,8/21/2019,1751
920,8/22/2019,1739
921,8/23/2019,1746
922,8/27/2019,1744
923,8/28/2019,1724
924,8/29/2019,1713.5
925,8/30/2019,1712.5
926,9/2/2019,1716.5
927,9/3/2019,1714.5
928,9/4/2019,1734.5
929,9/5/2019,1754.5
930,9/6/2019,1761.5
931,9/9/2019,1769
932,9/10/2019,1776
933,9/11/2019,1792.5
934,9/12/2019,1774
935,9/13/2019,1768
936,9/16/2019,1770.5
937,9/17/2019,1746.5
938,9/18/2019,1751
939,9/19/2019,1762.5
940,9/20/2019,1766
941,9/23/2019,1756
942,9/24/2019,1751.5
943,9/25/2019,1736
944,9/26/2019,1724
945,9/27/2019,1713
946,9/30/2019,1703.5
947,10/1/2019,1705.5
948,10/2/2019,1697
949,10/3/2019,1697
950,10/4/2019,1701.5
951,10/7/2019,1713
952,10/8/2019,1732
953,10/9/2019,1729
954,10/10/2019,1738
955,10/11/2019,1721
956,10/14/2019,1704.5
957,10/15/2019,1702
958,10/16/2019,1703.5
959,10/17/2019,1726
960,10/18/2019,1729
961,10/21/2019,1735.5
962,10/22/2019,1707.5
963,10/23/2019,1712
964,10/24/2019,1715
965,10/25/2019,1710.5
966,10/28/2019,1727
967,10/29/2019,1737.5
968,10/30/2019,1746.5
969,10/31/2019,1742.5
970,11/1/2019,1766
971,11/4/2019,1787
972,11/5/2019,1813.5
973,11/6/2019,1817.5
974,11/7/2019,1817.5
975,11/8/2019,1827.5
976,11/11/2019,1805
977,11/12/2019,1765.5
978,11/13/2019,1768
979,11/14/2019,1756
980,11/15/2019,1741
981,11/18/2019,1744
982,11/19/2019,1734.5
983,11/20/2019,1748
984,11/21/2019,1753
985,11/22/2019,1750
986,11/25/2019,1753
987,11/26/2019,1750.5
988,11/27/2019,1770.5
989,11/28/2019,1765
990,11/29/2019,1785.5
991,12/2/2019,1789.5
992,12/3/2019,1802
993,12/4/2019,1771
994,12/5/2019,1756
995,12/6/2019,1750.5
996,12/9/2019,1766
997,12/10/2019,1750
998,12/11/2019,1751.5
999,12/12/2019,1755
1000,12/13/2019,1763.5
1001,12/16/2019,1763
1002,12/17/2019,1754
1003,12/18/2019,1758
1004,12/19/2019,1765.5
1005,12/20/2019,1770.5
1006,12/23/2019,1771.5
1007,12/24/2019,1790.5
1008,12/27/2019,1789
1009,12/30/2019,1791
1010,12/31/2019,1800
1011,1/2/2020,1772
1012,1/3/2020,1758
1013,1/6/2020,1791
1014,1/7/2020,1794
1015,1/8/2020,1771.5
1016,1/9/2020,1771
1017,1/10/2020,1771.5
1018,1/13/2020,1766.5
1019,1/14/2020,1767.5
1020,1/15/2020,1778.5
1021,1/16/2020,1794
1022,1/17/2020,1796
1023,1/20/2020,1807
1024,1/21/2020,1810.5
1025,1/22/2020,1807.5
1026,1/23/2020,1781.5
1027,1/24/2020,1775.5
1028,1/27/2020,1755.5
1029,1/28/2020,1744.5
1030,1/29/2020,1732.5
1031,1/30/2020,1722.5
1032,1/31/2020,1709.5
1033,2/3/2020,1694.5
1034,2/4/2020,1687
1035,2/5/2020,1688
1036,2/6/2020,1698
1037,2/7/2020,1693.5
1038,2/10/2020,1676
1039,2/11/2020,1689.5
1040,2/12/2020,1707
1041,2/13/2020,1701.5
1042,2/14/2020,1704.5
1043,2/17/2020,1678.5
1044,2/18/2020,1681
1045,2/19/2020,1686
1046,2/20/2020,1687
1047,2/21/2020,1677
1048,2/24/2020,1672.5
1049,2/25/2020,1685
1050,2/26/2020,1676.5
1051,2/27/2020,1671
1052,2/28/2020,1663
1053,3/2/2020,1684.5
1054,3/3/2020,1706
1055,3/4/2020,1723.5
1056,3/5/2020,1715
1057,3/6/2020,1687
1058,3/9/2020,1643.5
1059,3/10/2020,1689
1060,3/11/2020,1670.5
1061,3/12/2020,1643
1062,3/13/2020,1677
1063,3/16/2020,1640.5
1064,3/17/2020,1628
1065,3/18/2020,1602.5
1066,3/19/2020,1581
1067,3/20/2020,1580.5
1068,3/23/2020,1536
1069,3/24/2020,1532.5
1070,3/25/2020,1507.5
1071,3/26/2020,1507.5
1072,3/27/2020,1506
1073,3/30/2020,1495
1074,3/31/2020,1489
1075,4/1/2020,1463.5
1076,4/2/2020,1448.5
1077,4/3/2020,1452
1078,4/6/2020,1424.5
1079,4/7/2020,1455.5
1080,4/8/2020,1421.5
1081,4/9/2020,1428.5
1082,4/14/2020,1456
1083,4/15/2020,1469.5
1084,4/16/2020,1476
1085,4/17/2020,1482.5
1086,4/20/2020,1451.5
1087,4/21/2020,1443.5
1088,4/22/2020,1461.5
1089,4/23/2020,1473.5
1090,4/24/2020,1473
1091,4/27/2020,1472.5
1092,4/28/2020,1465
1093,4/29/2020,1464
1094,4/30/2020,1460.5
1095,5/1/2020,1440
1096,5/4/2020,1437
1097,5/5/2020,1438.5
1098,5/6/2020,1443
1099,5/7/2020,1450
1100,5/11/2020,1454.5
1101,5/12/2020,1443
1102,5/13/2020,1439
1103,5/14/2020,1433.5
1104,5/15/2020,1432.5
1105,5/18/2020,1441.5
1106,5/19/2020,1464
1107,5/20/2020,1454
1108,5/21/2020,1487
1109,5/22/2020,1473
1110,5/26/2020,1486
1111,5/27/2020,1504
1112,5/28/2020,1500.5
1113,5/29/2020,1515
1114,6/1/2020,1511.5
1115,6/2/2020,1499.5
1116,6/3/2020,1526
1117,6/4/2020,1535
1118,6/5/2020,1553.5
1119,6/8/2020,1569.5
1120,6/9/2020,1565.5
1121,6/10/2020,1613.5
1122,6/11/2020,1582
1123,6/12/2020,1560
1124,6/15/2020,1546
1125,6/16/2020,1573.5
1126,6/17/2020,1577.5
1127,6/18/2020,1586.5
1128,6/19/2020,1578
1129,6/22/2020,1573
1130,6/23/2020,1577.5
1131,6/24/2020,1564
1132,6/25/2020,1543.5
1133,6/26/2020,1582
1134,6/29/2020,1589
1135,6/30/2020,1602
1136,7/1/2020,1593.5
1137,7/2/2020,1601.5
1138,7/3/2020,1581.5
1139,7/6/2020,1593
1140,7/7/2020,1596.5
1141,7/8/2020,1619
1142,7/9/2020,1659.5
1143,7/10/2020,1639.5
1144,7/13/2020,1664.5
1145,7/14/2020,1640
1146,7/15/2020,1651
1147,7/16/2020,1627
1148,7/17/2020,1618
1149,7/20/2020,1621
1150,7/21/2020,1646.5
1151,7/22/2020,1651
1152,7/23/2020,1661
1153,7/24/2020,1654.5
1154,7/27/2020,1661.5
1155,7/28/2020,1671
1156,7/29/2020,1687
1157,7/30/2020,1681.5
1158,7/31/2020,1685.5
1159,8/3/2020,1679.5
1160,8/4/2020,1709.5
1161,8/5/2020,1739
1162,8/6/2020,1722
1163,8/7/2020,1744
1164,8/10/2020,1730
1165,8/11/2020,1749.5
1166,8/12/2020,1754
1167,8/13/2020,1738
1168,8/14/2020,1730
1169,8/17/2020,1719.5
1170,8/18/2020,1733
1171,8/19/2020,1746.5
1172,8/20/2020,1755.5
1173,8/21/2020,1722.5
1174,8/24/2020,1735.5
1175,8/25/2020,1733
1176,8/26/2020,1737
1177,8/27/2020,1738
1178,8/28/2020,1762
1179,9/1/2020,1781.5
1180,9/2/2020,1778.5
1181,9/3/2020,1743.5
1182,9/4/2020,1753
1183,9/7/2020,1763
1184,9/8/2020,1744
1185,9/9/2020,1740
1186,9/10/2020,1743.5
1187,9/11/2020,1746.5
1188,9/14/2020,1749
1189,9/15/2020,1767
1190,9/16/2020,1759
1191,9/17/2020,1743.5
1192,9/18/2020,1745
1193,9/21/2020,1752.5
1194,9/22/2020,1744
1195,9/23/2020,1718.5
1196,9/24/2020,1697
1197,9/25/2020,1708.5
1198,9/28/2020,1737
1199,9/29/2020,1746
1200,9/30/2020,1737
1201,10/1/2020,1716
1202,10/2/2020,1705
1203,10/5/2020,1741.5
1204,10/6/2020,1755
1205,10/7/2020,1745.5
1206,10/8/2020,1786
1207,10/9/2020,1805.5
1208,10/12/2020,1829.5
1209,10/13/2020,1841
1210,10/14/2020,1836
1211,10/15/2020,1824
1212,10/16/2020,1865.5
1213,10/19/2020,1848
1214,10/20/2020,1826
1215,10/21/2020,1842.5
1216,10/22/2020,1828
1217,10/23/2020,1829
1218,10/26/2020,1822.5
1219,10/27/2020,1808
1220,10/28/2020,1801
1221,10/29/2020,1786
1222,10/30/2020,1820.5
1223,11/2/2020,1834.5
1224,11/3/2020,1891
1225,11/4/2020,1877
1226,11/5/2020,1885.5
1227,11/6/2020,1891.5
1228,11/9/2020,1913
1229,11/10/2020,1880
1230,11/11/2020,1905
1231,11/12/2020,1904.5
1232,11/13/2020,1918
1233,11/16/2020,1933
1234,11/17/2020,1944.5
1235,11/18/2020,1978
1236,11/19/2020,1983
1237,11/20/2020,1984
1238,11/23/2020,1969.5
1239,11/24/2020,1964.5
1240,11/25/2020,1967
1241,11/26/2020,1961.5
1242,11/27/2020,1975
1243,11/30/2020,2014.5
1244,12/1/2020,2045.5
1245,12/2/2020,2051.5
1246,12/3/2020,2028
1247,12/4/2020,2027.5
1248,12/7/2020,2004
1249,12/8/2020,1986
1250,12/9/2020,2010
1251,12/10/2020,2031
1252,12/11/2020,2022
1253,12/14/2020,2042.5
1254,12/15/2020,2022
1255,12/16/2020,2029
1256,12/17/2020,2028
1257,12/18/2020,2049
1258,12/21/2020,2012.5
1259,12/22/2020,1993
1260,12/23/2020,1999
1261,12/24/2020,2022
1262,12/29/2020,2000
1263,12/30/2020,1995.5
1264,12/31/2020,1978
1265,1/4/2021,2013.5
1266,1/5/2021,2027.5
1267,1/6/2021,2062.5
1268,1/7/2021,2008
1269,1/8/2021,2029.5
1270,1/11/2021,2008
1271,1/12/2021,2025.5
1272,1/13/2021,2009.5
1273,1/14/2021,2010.5
1274,1/15/2021,2000.5
1275,1/18/2021,1979.5
1276,1/19/2021,1951.5
1277,1/20/2021,1976
1278,1/21/2021,1992.5
1279,1/22/2021,1975.5
1280,1/25/2021,2011.5
1281,1/26/2021,2025
1282,1/27/2021,2003.5
1283,1/28/2021,1979
1284,1/29/2021,1987
1285,2/1/2021,1985.5
1286,2/2/2021,1958
1287,2/3/2021,1973
1288,2/4/2021,1979.5
1289,2/5/2021,2007.5
1290,2/8/2021,2025.5
1291,2/9/2021,2045.5
1292,2/10/2021,2070.5
1293,2/11/2021,2075.5
1294,2/12/2021,2076
1295,2/15/2021,2079
1296,2/16/2021,2077
1297,2/17/2021,2096.5
1298,2/18/2021,2147
1299,2/19/2021,2135
1300,2/22/2021,2153.5
1301,2/23/2021,2136.5
1302,2/24/2021,2145.5
1303,2/25/2021,2223
1304,2/26/2021,2202.5
1305,3/1/2021,2154.5
1306,3/2/2021,2176
1307,3/3/2021,2203
1308,3/4/2021,2169
1309,3/5/2021,2185
1310,3/8/2021,2152.5
1311,3/9/2021,2141
1312,3/10/2021,2149.5
1313,3/11/2021,2159
1314,3/12/2021,2139
1315,3/15/2021,2184.5
1316,3/16/2021,2174.5
1317,3/17/2021,2202.5
1318,3/18/2021,2192
1319,3/19/2021,2188
1320,3/22/2021,2254
1321,3/23/2021,2205
1322,3/24/2021,2220.5
1323,3/25/2021,2208
1324,3/26/2021,2260.5
1325,3/29/2021,2255.5
1326,3/30/2021,2220.5
1327,3/31/2021,2212.5
1328,4/1/2021,2212.5
1329,4/6/2021,2247
1330,4/7/2021,2239.5
1331,4/8/2021,2267.5
1332,4/9/2021,2250
1333,4/12/2021,2254
1334,4/13/2021,2278
1335,4/14/2021,2297.5
1336,4/15/2021,2328
1337,4/16/2021,2308.5
1338,4/19/2021,2331
1339,4/20/2021,2324
1340,4/21/2021,2344
1341,4/22/2021,2373.5
1342,4/23/2021,2373.5
1343,4/26/2021,2388
1344,4/27/2021,2389
1345,4/28/2021,2392.5
1346,4/29/2021,2432
1347,4/30/2021,2445
1348,5/4/2021,2434.5
1349,5/5/2021,2446
1350,5/6/2021,2476.5
1351,5/7/2021,2518.5
1352,5/10/2021,2565
1353,5/11/2021,2549.5
1354,5/12/2021,2474
1355,5/13/2021,2422.5
1356,5/14/2021,2438
1357,5/17/2021,2455
1358,5/18/2021,2468
1359,5/19/2021,2402.5
1360,5/20/2021,2392
1361,5/21/2021,2403
1362,5/24/2021,2305
1363,5/25/2021,2341
1364,5/26/2021,2359.5
1365,5/27/2021,2388
1366,5/28/2021,2404.5
1367,6/1/2021,2461.5
1368,6/2/2021,2442
1369,6/3/2021,2386.5
1370,6/4/2021,2412.5
1371,6/7/2021,2417.5
1372,6/8/2021,2439
1373,6/9/2021,2459
1374,6/10/2021,2470
1375,6/11/2021,2490
1376,6/14/2021,2504
1377,6/15/2021,2458.5
1378,6/16/2021,2454.5
1379,6/17/2021,2427.5
1380,6/18/2021,2374
1381,6/21/2021,2353.5
1382,6/22/2021,2375.5
1383,6/23/2021,2386.5
1384,6/24/2021,2397.5
1385,6/25/2021,2451
1386,6/28/2021,2458
1387,6/29/2021,2518.5
1388,6/30/2021,2523
1389,7/1/2021,2481
1390,7/2/2021,2519.5
1391,7/5/2021,2539.5
1392,7/6/2021,2529.5
1393,7/7/2021,2508.5
1394,7/8/2021,2435
1395,7/9/2021,2470
1396,7/12/2021,2449
1397,7/13/2021,2478
1398,7/14/2021,2509
1399,7/15/2021,2495
1400,7/16/2021,2493
1401,7/19/2021,2425
1402,7/20/2021,2424.5
1403,7/21/2021,2432
1404,7/22/2021,2449
1405,7/23/2021,2492
1406,7/26/2021,2499.5
1407,7/27/2021,2497.5
1408,7/28/2021,2516
1409,7/29/2021,2556.5
1410,7/30/2021,2624
1411,8/2/2021,2635
1412,8/3/2021,2595.5
1413,8/4/2021,2575.5
1414,8/5/2021,2583.5
1415,8/6/2021,2618.5
1416,8/9/2021,2547
1417,8/10/2021,2579
1418,8/11/2021,2578
1419,8/12/2021,2602
1420,8/13/2021,2602.5
1421,8/16/2021,2644
1422,8/17/2021,2633
1423,8/18/2021,2589.5
1424,8/19/2021,2544
1425,8/20/2021,2569
1426,8/23/2021,2609
1427,8/24/2021,2648.5
1428,8/25/2021,2647.5
1429,8/26/2021,2635
1430,8/27/2021,2673.5
1431,8/31/2021,2714
1432,9/1/2021,2667.5
1433,9/2/2021,2694.5
1434,9/3/2021,2696
1435,9/6/2021,2745.5
1436,9/7/2021,2740.5
1437,9/8/2021,2775
1438,9/9/2021,2817
1439,9/10/2021,2896.5
1440,9/13/2021,2950
1441,9/14/2021,2847
1442,9/15/2021,2868
1443,9/16/2021,2869
1444,9/17/2021,2915
1445,9/20/2021,2847
1446,9/21/2021,2864
1447,9/22/2021,2887
1448,9/23/2021,2937
1449,9/24/2021,2905.5
1450,9/27/2021,2888
1451,9/28/2021,2899
1452,9/29/2021,2913
1453,9/30/2021,2851
1454,10/1/2021,2865
1455,10/4/2021,2889
1456,10/5/2021,2894.5
1457,10/6/2021,2880
1458,10/7/2021,2916
1459,10/8/2021,2902
1460,10/11/2021,3020
1461,10/12/2021,3052
1462,10/13/2021,3076
1463,10/14/2021,3152
1464,10/15/2021,3163
1465,10/18/2021,3180
1466,10/19/2021,3176
1467,10/20/2021,3065
1468,10/21/2021,3014
1469,10/22/2021,2946
1470,10/25/2021,2917
1471,10/26/2021,2831
1472,10/27/2021,2704
1473,10/28/2021,2721
1474,10/29/2021,2695
1475,11/1/2021,2713
1476,11/2/2021,2680
1477,11/3/2021,2706
1478,11/4/2021,2643
1479,11/5/2021,2490.5
1480,11/8/2021,2530.5
1481,11/9/2021,2582
1482,11/10/2021,2554
1483,11/11/2021,2645.5
1484,11/12/2021,2676
1485,11/15/2021,2678
1486,11/16/2021,2628.5
1487,11/17/2021,2628
1488,11/18/2021,2607.5
1489,11/19/2021,2661
1490,11/22/2021,2653.5
1491,11/23/2021,2691
1492,11/24/2021,2699
1493,11/25/2021,2740.5
1494,11/26/2021,2618.5
1495,11/29/2021,2650
1496,11/30/2021,2635
1497,12/1/2021,2669.5
1498,12/2/2021,2655
1499,12/3/2021,2648
1500,12/6/2021,2600.5
1501,12/7/2021,2625
1502,12/8/2021,2626
1503,12/9/2021,2630.5
1504,12/10/2021,2625
1505,12/13/2021,2677
1506,12/14/2021,2636
1507,12/15/2021,2597
1508,12/16/2021,2630
1509,12/17/2021,2694
1510,12/20/2021,2645.5
1511,12/21/2021,2696
1512,12/22/2021,2811
1513,12/23/2021,2818
1514,12/24/2021,2848
1515,12/29/2021,2835
1516,12/30/2021,2829.5
1517,12/31/2021,2806
1518,1/4/2022,2815.5
1519,1/5/2022,2866
1520,1/6/2022,2912.5
1521,1/7/2022,2919.5
1522,1/10/2022,2923
1523,1/11/2022,2950
1524,1/12/2022,3003
1525,1/13/2022,2960
1526,1/14/2022,2977.5
1527,1/17/2022,3009
1528,1/18/2022,3006
1529,1/19/2022,3036
1530,1/20/2022,3109.5
1531,1/21/2022,3079.5
1532,1/24/2022,3044.5
1533,1/25/2022,3064
1534,1/26/2022,3093
1535,1/27/2022,3107
1536,1/28/2022,3110
1537,1/31/2022,3076
1538,2/1/2022,3072
1539,2/2/2022,3043
1540,2/3/2022,3058.5
1541,2/4/2022,3087
1542,2/7/2022,3148
1543,2/8/2022,3245
1544,2/9/2022,3248
1545,2/10/2022,3313
1546,2/11/2022,3200
1547,2/14/2022,3306
1548,2/15/2022,3223
1549,2/16/2022,3282
1550,2/17/2022,3294
1551,2/18/2022,3314
1552,2/21/2022,3315
1553,2/22/2022,3420
1554,2/23/2022,3323.5
1555,2/24/2022,3519
1556,2/25/2022,3355.5
1557,2/28/2022,3450
1558,3/1/2022,3495.5
1559,3/2/2022,3605
1560,3/3/2022,3728.5
1561,3/4/2022,3851
1562,3/7/2022,3984.5
1563,3/8/2022,3500.5
1564,3/9/2022,3532
1565,3/10/2022,3535
1566,3/11/2022,3472
1567,3/14/2022,3399
1568,3/15/2022,3217.5
1569,3/16/2022,3306
1570,3/17/2022,3288
1571,3/18/2022,3380.5
1572,3/21/2022,3518
1573,3/22/2022,3550.5
1574,3/23/2022,3560
1575,3/24/2022,3664
1576,3/25/2022,3583
1577,3/28/2022,3606
1578,3/29/2022,3583
1579,3/30/2022,3508
1580,3/31/2022,3503
1581,4/1/2022,3483
1582,4/4/2022,3444
1583,4/5/2022,3415
1584,4/6/2022,3443.5
1585,4/7/2022,3346
1586,4/8/2022,3395
1587,4/11/2022,3234.5
1588,4/12/2022,3214.5
1589,4/13/2022,3207
1590,4/14/2022,3237.5
1591,4/19/2022,3312
1592,4/20/2022,3240
1593,4/21/2022,3262
1594,4/22/2022,3244
1595,4/25/2022,3090
1596,4/26/2022,3102.5
1597,4/27/2022,3100
1598,4/28/2022,3065.5
1599,4/29/2022,3039
1600,5/3/2022,2911.5
1601,5/4/2022,2929
1602,5/5/2022,2917
1603,5/6/2022,2832.5
1604,5/9/2022,2708
1605,5/10/2022,2677
1606,5/11/2022,2737
1607,5/12/2022,2688
1608,5/13/2022,2723
1609,5/16/2022,2791
1610,5/17/2022,2836
1611,5/18/2022,2845
1612,5/19/2022,2826
1613,5/20/2022,2931
1614,5/23/2022,2963
1615,5/24/2022,2881
1616,5/25/2022,2829.5
1617,5/26/2022,2825.5
1618,5/27/2022,2823
1619,5/30/2022,2863
1620,5/31/2022,2816.5
1621,6/1/2022,2701.5
1622,6/6/2022,2742
1623,6/7/2022,2715
1624,6/8/2022,2765.5
1625,6/9/2022,2752.5
1626,6/10/2022,2695
1627,6/13/2022,2589.5
1628,6/14/2022,2588
1629,6/15/2022,2580
1630,6/16/2022,2500.5
1631,6/17/2022,2474
1632,6/20/2022,2462
1633,6/21/2022,2519.5
1634,6/22/2022,2455.5
1635,6/23/2022,2480
1636,6/24/2022,2436
1637,6/27/2022,2453
1638,6/28/2022,2500
1639,6/29/2022,2452
1640,6/30/2022,2397
1641,7/1/2022,2384
1642,7/4/2022,2431.5
1643,7/5/2022,2374
1644,7/6/2022,2358
1645,7/7/2022,2417.5
1646,7/8/2022,2399.5
1647,7/11/2022,2417
1648,7/12/2022,2358
1649,7/13/2022,2343
1650,7/14/2022,2329
1651,7/15/2022,2320.5
1652,7/18/2022,2377.5
1653,7/19/2022,2412
1654,7/20/2022,2456.5
1655,7/21/2022,2426
1656,7/22/2022,2460
1657,7/25/2022,2431.5
1658,7/26/2022,2437
1659,7/27/2022,2390.5
1660,7/28/2022,2458
1661,7/29/2022,2452
1662,8/1/2022,2469.5
1663,8/2/2022,2448.5
1664,8/3/2022,2403
1665,8/4/2022,2374
1666,8/5/2022,2447.5
1667,8/8/2022,2435.5
1668,8/9/2022,2488
1669,8/10/2022,2462.5
1670,8/11/2022,2498
1671,8/12/2022,2468.5
1672,8/15/2022,2389.5
1673,8/16/2022,2442
1674,8/17/2022,2414
1675,8/18/2022,2412
1676,8/19/2022,2376
1677,8/22/2022,2387.5
1678,8/23/2022,2438.5
1679,8/24/2022,2422
1680,8/25/2022,2442.5
1681,8/26/2022,2495
1682,8/30/2022,2406.5
1683,8/31/2022,2368.5
1684,9/1/2022,2306
1685,9/2/2022,2309
1686,9/5/2022,2290.5
1687,9/6/2022,2260
1688,9/7/2022,2230.5
1689,9/8/2022,2256
1690,9/9/2022,2280
1691,9/12/2022,2288.5
1692,9/13/2022,2309.5
1693,9/14/2022,2227.5
1694,9/15/2022,2272
1695,9/16/2022,2259
1696,9/19/2022,2232
1697,9/20/2022,2245.5
1698,9/21/2022,2191
1699,9/22/2022,2195.5
1700,9/23/2022,2153
1701,9/26/2022,2125.5
1702,9/27/2022,2106
1703,9/28/2022,2080
1704,9/29/2022,2261
1705,9/30/2022,2180
1706,10/3/2022,2164
1707,10/4/2022,2261.5
1708,10/5/2022,2289
1709,10/6/2022,2355
1710,10/7/2022,2342
1711,10/10/2022,2274
1712,10/11/2022,2218.5
1713,10/12/2022,2227
1714,10/13/2022,2374
1715,10/14/2022,2309
1716,10/17/2022,2240
1717,10/18/2022,2200.5
1718,10/19/2022,2169
1719,10/20/2022,2214
1720,10/21/2022,2155.5
1721,10/24/2022,2160
1722,10/25/2022,2170.5
1723,10/26/2022,2265.5
1724,10/27/2022,2297
1725,10/28/2022,2226
1726,10/31/2022,2197
1727,11/1/2022,2245.5
1728,11/2/2022,2227
1729,11/3/2022,2216
1730,11/4/2022,2306
1731,11/7/2022,2292
1732,11/8/2022,2327
1733,11/9/2022,2338
1734,11/10/2022,2272
1735,11/11/2022,2410
1736,11/14/2022,2392
1737,11/15/2022,2410
1738,11/16/2022,2393
1739,11/17/2022,2342.5
1740,11/18/2022,2369
1741,11/21/2022,2344
1742,11/22/2022,2394
1743,11/23/2022,2364
1744,11/24/2022,2344
1745,11/25/2022,2346
1746,11/28/2022,2315.5
1747,11/29/2022,2341.5
1748,11/30/2022,2387
1749,12/1/2022,2430.5
1750,12/2/2022,2448.5
1751,12/5/2022,2485
1752,12/6/2022,2461
1753,12/7/2022,2450.5
1754,12/8/2022,2468.5
1755,12/9/2022,2453.5
1756,12/12/2022,2390
1757,12/13/2022,2388
1758,12/14/2022,2379.5
1759,12/15/2022,2396
1760,12/16/2022,2354
1761,12/19/2022,2327
1762,12/20/2022,2329.5
1763,12/21/2022,2357
1764,12/22/2022,2362
1765,12/23/2022,2342
1766,12/28/2022,2343
1767,12/29/2022,2371.5
1768,12/30/2022,2360.5
